"Site","DateTime","Bay","Default GPS","VaneSize","Depth","ShearStrenght","Result","TSF","Comments","Attachments","MachineID","Operator","Instrument","CorrectionFactor","Created","Title","Manual GPS","Modified"
"zz Brisbane","2025-05-27T01:26:00Z",,"-33.24362052, 116.04014707","18x32","200","56","28",,,"0","MM48","David Yang","H-60","2","2025-05-27T01:29:36Z","VS",,"2025-05-27T01:29:36Z"
"zz Brisbane","2025-05-27T01:29:00Z",,"-33.24362052, 116.04014707","18x32","500","40","20",,,"0","MM48","David Yang","H-60","2","2025-05-27T01:30:10Z","VS",,"2025-05-27T01:30:10Z"
"zz Brisbane","2025-05-27T01:38:00Z",,"-33.24358978, 116.04023334","18x32","200","32","16",,,"0","MM48","David Yang","H-60","2","2025-05-27T01:38:56Z","VS",,"2025-05-27T01:38:56Z"
"zz Brisbane","2025-05-27T01:38:00Z",,"-33.24358978, 116.04023334","18x32","500","44","22",,,"0","MM48","David Yang","H-60","2","2025-05-27T01:39:14Z","VS",,"2025-05-27T01:39:14Z"
"zz Brisbane","2025-05-27T01:39:00Z",,"-33.24358978, 116.04023334","18x32","800","40","20",,,"0","MM48","David Yang","H-60","2","2025-05-27T01:39:32Z","VS",,"2025-05-27T01:39:32Z"
"zz Brisbane","2025-05-27T01:42:00Z",,"-33.24358978, 116.04023334","18x32","200","0","0",,,"0","MM48","David Yang","H-60","2","2025-05-27T01:43:09Z","VS",,"2025-05-27T01:43:09Z"
"zz Brisbane","2025-05-27T01:43:00Z",,"-33.24358978, 116.04023334","18x32","500","20","10",,,"0","MM48","David Yang","H-60","2","2025-05-27T01:43:30Z","VS",,"2025-05-27T01:43:30Z"
"zz Brisbane","2025-05-27T01:43:00Z",,"-33.24358978, 116.04023334","18x32","800","76","38",,,"0","MM48","David Yang","H-60","2","2025-05-27T01:44:08Z","VS",,"2025-05-27T01:44:08Z"
"zz Brisbane","2025-05-27T02:00:00Z",,"-33.24358978, 116.04023334","18x32","200","76","38",,,"0","MM48","David Yang","H-60","2","2025-05-27T02:00:49Z","VS",,"2025-05-27T02:00:49Z"
"zz Brisbane","2025-05-27T02:00:00Z",,"-33.24369846, 116.03932125","18x32","500","128","64",,,"0","MM48","David Yang","H-60","2","2025-05-27T02:01:23Z","VS",,"2025-05-27T02:01:23Z"
"zz Brisbane","2025-05-27T02:01:00Z",,"-33.24369846, 116.03932125","18x32","800","128","64",,,"0","MM48","David Yang","H-60","2","2025-05-27T02:02:18Z","VS",,"2025-05-27T02:02:18Z"
"zz Brisbane","2025-05-27T02:05:00Z",,"-33.24369846, 116.03932125","18x32","200","56","28",,,"0","MM48","David Yang","H-60","2","2025-05-27T02:05:45Z","VS",,"2025-05-27T02:05:45Z"
"zz Brisbane","2025-05-27T02:05:00Z",,"-33.24369846, 116.03932125","18x32","500","16","8",,,"0","MM48","David Yang","H-60","2","2025-05-27T02:06:25Z","VS",,"2025-05-27T02:06:25Z"
"zz Brisbane","2025-05-27T02:06:00Z",,"-33.24369846, 116.03932125","18x32","800","88","44",,,"0","MM48","David Yang","H-60","2","2025-05-27T02:06:58Z","VS",,"2025-05-27T02:06:58Z"
"zz Brisbane","2025-05-27T02:09:00Z",,"-33.2436304, 116.04045266","18x32","200","40","20",,,"0","MM48","David Yang","H-60","2","2025-05-27T02:10:30Z","VS",,"2025-05-27T02:10:30Z"
"zz Brisbane","2025-05-27T02:10:00Z",,"-33.2436304, 116.04045266","18x32","500","36","18",,,"0","MM48","David Yang","H-60","2","2025-05-27T02:11:01Z","VS",,"2025-05-27T02:11:01Z"
"zz Brisbane","2025-05-27T02:11:00Z",,"-33.2436304, 116.04045266","18x32","800","44","22",,,"0","MM48","David Yang","H-60","2","2025-05-27T02:11:22Z","VS",,"2025-05-27T02:11:22Z"
"zz Brisbane","2025-05-27T02:13:00Z",,"-33.2436304, 116.04045266","18x32","200","44","22",,,"0","MM48","David Yang","H-60","2","2025-05-27T02:13:56Z","VS",,"2025-05-27T02:13:56Z"
"zz Brisbane","2025-05-27T02:13:00Z",,"-33.2436304, 116.04045266","18x32","500","56","28",,,"0","MM48","David Yang","H-60","2","2025-05-27T02:14:15Z","VS",,"2025-05-27T02:14:15Z"
"zz Brisbane","2025-05-27T02:14:00Z",,"-33.2436304, 116.04045266","18x32","800","52","26",,,"0","MM48","David Yang","H-60","2","2025-05-27T02:14:47Z","VS",,"2025-05-27T02:14:47Z"
"zz Brisbane","2025-05-27T02:18:00Z",,"-33.24363629, 116.04095321","18x32","200","80","40",,,"0","MM48","David Yang","H-60","2","2025-05-27T02:18:22Z","VS",,"2025-05-27T02:18:22Z"
"zz Brisbane","2025-05-27T02:18:00Z",,"-33.24363629, 116.04095321","18x32","500","56","28",,,"0","MM48","David Yang","H-60","2","2025-05-27T02:18:49Z","VS",,"2025-05-27T02:18:49Z"
"zz Brisbane","2025-05-27T02:18:00Z",,"-33.24363629, 116.04095321","18x32","800","52","26",,,"0","MM48","David Yang","H-60","2","2025-05-27T02:19:16Z","VS",,"2025-05-27T02:19:16Z"
"zz Brisbane","2025-05-27T02:22:00Z",,"-33.24355668, 116.04259821","18x32","200","20","10",,,"0","MM48","David Yang","H-60","2","2025-05-27T02:22:41Z","VS",,"2025-05-27T02:22:41Z"
"zz Brisbane","2025-05-27T02:22:00Z",,"-33.24355668, 116.04259821","18x32","500","56","28",,,"0","MM48","David Yang","H-60","2","2025-05-27T02:23:08Z","VS",,"2025-05-27T02:23:08Z"
"zz Brisbane","2025-05-27T02:23:00Z",,"-33.24355668, 116.04259821","18x32","800","140","70",,,"0","MM48","David Yang","H-60","2","2025-05-27T02:24:23Z","VS",,"2025-05-27T02:24:23Z"
"zz Brisbane","2025-05-27T02:27:00Z",,"-33.24355668, 116.04259821","18x32","200","0","0",,,"1","MM48","David Yang","H-60","2","2025-05-27T02:27:59Z","VS",,"2025-05-27T02:28:02Z"
"zz Brisbane","2025-05-27T02:28:00Z",,"-33.24355668, 116.04259821","18x32","500","0","0",,,"0","MM48","David Yang","H-60","2","2025-05-27T02:28:16Z","VS",,"2025-05-27T02:28:16Z"
"zz Brisbane","2025-05-27T02:28:00Z",,"-33.24355668, 116.04259821","18x32","800","24","12",,,"0","MM48","David Yang","H-60","2","2025-05-27T02:28:43Z","VS",,"2025-05-27T02:28:43Z"
"zz Brisbane","2025-05-27T02:37:00Z",,"-33.24355668, 116.04259821","18x32","200","36","18",,"Un","0","MM48","David Yang","H-60","2","2025-05-27T02:38:03Z","VS",,"2025-05-27T02:38:03Z"
"zz Brisbane","2025-05-27T02:38:00Z",,"-33.24355668, 116.04259821","18x32","500","60","30",,"Un","0","MM48","David Yang","H-60","2","2025-05-27T02:38:34Z","VS",,"2025-05-27T02:38:34Z"
"zz Brisbane","2025-05-27T02:38:00Z",,"-33.24355668, 116.04259821","18x32","800","24","12",,,"1","MM48","David Yang","H-60","2","2025-05-27T02:39:03Z","VS",,"2025-05-27T02:39:04Z"
"zz Brisbane","2025-05-27T02:41:00Z",,"-33.24355668, 116.04259821","18x32","200","36","18",,"Un","1","MM48","David Yang","H-60","2","2025-05-27T02:41:49Z","VS",,"2025-05-27T02:41:50Z"
"zz Brisbane","2025-05-27T02:41:00Z",,"-33.24355668, 116.04259821","18x32","500","48","24",,"Un","0","MM48","David Yang","H-60","2","2025-05-27T02:42:23Z","VS",,"2025-05-27T02:42:23Z"
"zz Brisbane","2025-05-27T02:42:00Z",,"-33.24355668, 116.04259821","18x32","800","116","58",,"Un","0","MM48","David Yang","H-60","2","2025-05-27T02:42:51Z","VS",,"2025-05-27T02:42:51Z"
"zz Brisbane","2025-05-27T02:46:00Z",,"-33.24355668, 116.04259821","18x32","200","56","28",,"Un","1","MM48","David Yang","H-60","2","2025-05-27T02:46:54Z","VS",,"2025-05-27T02:46:55Z"
"zz Brisbane","2025-05-27T02:46:00Z",,"-33.24355668, 116.04259821","18x32","500","56","28",,"Un","0","MM48","David Yang","H-60","2","2025-05-27T02:47:31Z","VS",,"2025-05-27T02:47:31Z"
"zz Brisbane","2025-05-27T02:47:00Z",,"-33.24355668, 116.04259821","18x32","800","16","8",,,"0","MM48","David Yang","H-60","2","2025-05-27T02:47:55Z","VS",,"2025-05-27T02:47:55Z"
"zz Brisbane","2025-05-27T02:52:00Z",,"-33.24355668, 116.04259821","18x32","200","152","76",,"Un","0","MM48","David Yang","H-60","2","2025-05-27T02:52:53Z","VS",,"2025-05-27T02:52:53Z"
"zz Brisbane","2025-05-27T02:53:00Z",,"-33.24355668, 116.04259821","18x32","500","100","50",,"Un","0","MM48","David Yang","H-60","2","2025-05-27T02:54:22Z","VS",,"2025-05-27T02:54:22Z"
"zz Brisbane","2025-05-27T02:58:00Z",,"-33.24374444, 116.03984386","18x32","200","44","22",,"Compare un","0","MM48","David Yang","H-60","2","2025-05-27T02:58:59Z","VS",,"2025-05-27T02:58:59Z"
"zz Brisbane","2025-05-27T02:59:00Z",,"-33.24374444, 116.03984386","18x32","500","44","22",,"Compare un","0","MM48","David Yang","H-60","2","2025-05-27T02:59:39Z","VS",,"2025-05-27T02:59:39Z"
"zz Brisbane","2025-05-27T02:59:00Z",,"-33.24374444, 116.03984386","18x32","800","22","11",,,"0","MM48","David Yang","H-60","2","2025-05-27T03:00:13Z","VS",,"2025-05-27T03:00:13Z"
"zz Brisbane","2025-05-27T03:03:00Z",,"-33.24374259, 116.03984438","18x32","200","56","28",,,"0","MM48","David Yang","H-60","2","2025-05-27T03:04:43Z","VS",,"2025-05-27T03:04:43Z"
"zz Brisbane","2025-05-27T03:04:00Z",,"-33.24374259, 116.03984438","18x32","500","32","16",,,"0","MM48","David Yang","H-60","2","2025-05-27T03:05:09Z","VS",,"2025-05-27T03:05:09Z"
"zz Brisbane","2025-05-27T03:05:00Z",,"-33.24374259, 116.03984438","18x32","800","96","48",,,"0","MM48","David Yang","H-60","2","2025-05-27T03:05:35Z","VS",,"2025-05-27T03:05:35Z"
"zz Brisbane","2025-05-27T03:08:00Z",,"-33.24374259, 116.03984438","18x32","200","52","26",,,"0","MM48","David Yang","H-60","2","2025-05-27T03:08:52Z","VS",,"2025-05-27T03:08:52Z"
"zz Brisbane","2025-05-27T03:08:00Z",,"-33.24374259, 116.03984438","18x32","500","32","16",,,"0","MM48","David Yang","H-60","2","2025-05-27T03:09:24Z","VS",,"2025-05-27T03:09:24Z"
"zz Brisbane","2025-05-27T03:09:00Z",,"-33.24374259, 116.03984438","18x32","800","52","26",,,"0","MM48","David Yang","H-60","2","2025-05-27T03:10:00Z","VS",,"2025-05-27T03:10:00Z"
"zz Brisbane","2025-05-27T03:12:00Z",,"-33.24374444, 116.03984386","18x32","200","52","26",,,"0","MM48","David Yang","H-60","2","2025-05-27T03:13:18Z","VS",,"2025-05-27T03:13:18Z"
"zz Brisbane","2025-05-27T03:13:00Z",,"-33.24374444, 116.03984386","18x32","500","72","36",,,"0","MM48","David Yang","H-60","2","2025-05-27T03:13:45Z","VS",,"2025-05-27T03:13:45Z"
"zz Brisbane","2025-05-27T03:13:00Z",,"-33.24374444, 116.03984386","18x32","800","52","26",,,"0","MM48","David Yang","H-60","2","2025-05-27T03:14:10Z","VS",,"2025-05-27T03:14:10Z"
"zz Brisbane","2025-05-27T03:17:00Z",,"-33.24374444, 116.03984386","18x32","200","76","38",,,"1","MM48","David Yang","H-60","2","2025-05-27T03:17:52Z","VS",,"2025-05-27T03:17:54Z"
"zz Brisbane","2025-05-27T03:17:00Z",,"-33.24374444, 116.03984386","18x32","500","64","32",,,"0","MM48","David Yang","H-60","2","2025-05-27T03:18:28Z","VS",,"2025-05-27T03:18:28Z"
"zz Brisbane","2025-05-27T03:18:00Z",,"-33.24374444, 116.03984386","18x32","800","224","112",,,"0","MM48","David Yang","H-60","2","2025-05-27T03:19:02Z","VS",,"2025-05-27T03:19:02Z"
"zz Brisbane","2025-05-27T03:23:00Z",,"-33.24374444, 116.03984386","18x32","200","0","0",,,"1","MM48","David Yang","H-60","2","2025-05-27T03:24:14Z","VS",,"2025-05-27T03:24:15Z"
"zz Brisbane","2025-05-27T03:24:00Z",,"-33.24374444, 116.03984386","18x32","500","16","8",,,"0","MM48","David Yang","H-60","2","2025-05-27T03:24:27Z","VS",,"2025-05-27T03:24:27Z"
"zz Brisbane","2025-05-27T03:24:00Z",,"-33.24374444, 116.03984386","18x32","800","48","24",,,"0","MM48","David Yang","H-60","2","2025-05-27T03:24:51Z","VS",,"2025-05-27T03:24:51Z"
"zz Brisbane","2025-05-27T03:26:00Z",,"-33.24374444, 116.03984386","18x32","200","0","0",,,"1","MM48","David Yang","H-60","2","2025-05-27T03:27:12Z","VS",,"2025-05-27T03:27:14Z"
"zz Brisbane","2025-05-27T03:27:00Z",,"-33.24374444, 116.03984386","18x32","500","16","8",,,"0","MM48","David Yang","H-60","2","2025-05-27T03:27:37Z","VS",,"2025-05-27T03:27:37Z"
"zz Brisbane","2025-05-27T03:27:00Z",,"-33.24374444, 116.03984386","18x32","800","96","48",,,"0","MM48","David Yang","H-60","2","2025-05-27T03:27:50Z","VS",,"2025-05-27T03:27:50Z"
"zz Brisbane","2025-05-27T03:33:00Z",,"-33.26133728, 116.02853393","18x32","200","0","0",,,"1","MM48","David Yang","H-60","2","2025-05-27T03:33:46Z","VS",,"2025-05-27T03:33:46Z"
"zz Brisbane","2025-05-27T03:33:00Z",,"-33.26133728, 116.02853393","18x32","500","0","0",,,"0","MM48","David Yang","H-60","2","2025-05-27T03:34:04Z","VS",,"2025-05-27T03:34:04Z"
"zz Brisbane","2025-05-27T03:34:00Z",,"-33.26133728, 116.02853393","18x32","800","16","8",,,"0","MM48","David Yang","H-60","2","2025-05-27T03:34:16Z","VS",,"2025-05-27T03:34:16Z"
"zz Brisbane","2025-05-27T03:36:00Z",,"-33.26133728, 116.02853393","18x32","200","12","6",,,"0","MM48","David Yang","H-60","2","2025-05-27T03:37:07Z","VS",,"2025-05-27T03:37:07Z"
"zz Brisbane","2025-05-27T03:37:00Z",,"-33.26133728, 116.02853393","18x32","500","12","6",,,"0","MM48","David Yang","H-60","2","2025-05-27T03:37:24Z","VS",,"2025-05-27T03:37:24Z"
"zz Brisbane","2025-05-27T03:37:00Z",,"-33.26133728, 116.02853393","18x32","800","56","28",,,"0","MM48","David Yang","H-60","2","2025-05-27T03:37:41Z","VS",,"2025-05-27T03:37:41Z"
"zz Brisbane","2025-05-27T03:39:00Z",,"-33.24420324, 116.04251431","18x32","200","0","0",,,"0","MM48","David Yang","H-60","2","2025-05-27T03:40:04Z","VS",,"2025-05-27T03:40:04Z"
"zz Brisbane","2025-05-27T03:40:00Z",,"-33.24420324, 116.04251431","18x32","500","0","0",,,"0","MM48","David Yang","H-60","2","2025-05-27T03:40:29Z","VS",,"2025-05-27T03:40:29Z"
"zz Brisbane","2025-05-27T03:40:00Z",,"-33.24420324, 116.04251431","18x32","800","8","4",,,"0","MM48","David Yang","H-60","2","2025-05-27T03:40:46Z","VS",,"2025-05-27T03:40:46Z"
"zz Brisbane","2025-05-27T03:42:00Z",,"-33.24420368, 116.04251806","18x32","200","16","8",,,"0","MM48","David Yang","H-60","2","2025-05-27T03:43:12Z","VS",,"2025-05-27T03:43:12Z"
"zz Brisbane","2025-05-27T03:43:00Z",,"-33.24420368, 116.04251806","18x32","500","20","10",,,"0","MM48","David Yang","H-60","2","2025-05-27T03:43:30Z","VS",,"2025-05-27T03:43:30Z"
"zz Brisbane","2025-05-27T03:43:00Z",,"-33.24420368, 116.04251806","18x32","800","76","38",,,"0","MM48","David Yang","H-60","2","2025-05-27T03:43:46Z","VS",,"2025-05-27T03:43:46Z"
"zz Brisbane","2025-05-27T05:38:00Z",,"-33.26133662, 116.02853447","18x32","200","20","10",,"Un","0","MM48","David Yang","H-60","2","2025-05-27T05:39:13Z","VS",,"2025-05-27T05:39:13Z"
"zz Brisbane","2025-05-27T05:39:00Z",,"-33.26133662, 116.02853447","18x32","500","60","30",,,"0","MM48","David Yang","H-60","2","2025-05-27T05:39:38Z","VS",,"2025-05-27T05:39:38Z"
"zz Brisbane","2025-05-27T05:39:00Z",,"-33.26133662, 116.02853447","18x32","800","120","60",,"Un","0","MM48","David Yang","H-60","2","2025-05-27T05:40:12Z","VS",,"2025-05-27T05:40:12Z"
"zz Brisbane","2025-05-27T05:42:00Z",,"-33.26133728, 116.02853393","18x32","200","16","8",,"Un","0","MM48","David Yang","H-60","2","2025-05-27T05:43:38Z","VS",,"2025-05-27T05:43:38Z"
"zz Brisbane","2025-05-27T05:43:00Z",,"-33.26133728, 116.02853393","18x32","500","20","10",,"Un","0","MM48","David Yang","H-60","2","2025-05-27T05:44:00Z","VS",,"2025-05-27T05:44:00Z"
"zz Brisbane","2025-05-27T05:44:00Z",,"-33.26133728, 116.02853393","18x32","800","104","52",,"Un","0","MM48","David Yang","H-60","2","2025-05-27T05:44:19Z","VS",,"2025-05-27T05:44:19Z"
"zz Brisbane","2025-05-27T05:46:00Z",,"-33.26133728, 116.02853393","18x32","200","0","0",,"Um","0","MM48","David Yang","H-60","2","2025-05-27T05:47:09Z","VS",,"2025-05-27T05:47:09Z"
"zz Brisbane","2025-05-27T05:47:00Z",,"-33.26133728, 116.02853393","18x32","500","0","0",,"Un","0","MM48","David Yang","H-60","2","2025-05-27T05:47:27Z","VS",,"2025-05-27T05:47:27Z"
"zz Brisbane","2025-05-27T05:47:00Z",,"-33.26133728, 116.02853393","18x32","800","24","12",,"Un","0","MM48","David Yang","H-60","2","2025-05-27T05:47:43Z","VS",,"2025-05-27T05:47:43Z"
"zz Brisbane","2025-05-27T05:49:00Z",,"-33.26133728, 116.02853393","18x32","200","0","0",,"Un","0","MM48","David Yang","H-60","2","2025-05-27T05:50:17Z","VS",,"2025-05-27T05:50:17Z"
"zz Brisbane","2025-05-27T05:50:00Z",,"-33.26133728, 116.02853393","18x32","500","0","0",,,"0","MM48","David Yang","H-60","2","2025-05-27T05:50:28Z","VS",,"2025-05-27T05:50:28Z"
"zz Brisbane","2025-05-27T05:50:00Z",,"-33.26133728, 116.02853393","18x32","800","16","8",,,"0","MM48","David Yang","H-60","2","2025-05-27T05:50:42Z","VS",,"2025-05-27T05:50:42Z"
"zz Brisbane","2025-05-27T08:05:00Z",,"-33.26133728, 116.02853393","18x32","200","36","18",,,"0","MM48","David Yang","H-60","2","2025-05-27T08:06:09Z","VS",,"2025-05-27T08:06:09Z"
"zz Brisbane","2025-05-27T08:06:00Z",,"-33.26133728, 116.02853393","18x32","500","120","60",,,"0","MM48","David Yang","H-60","2","2025-05-27T08:06:31Z","VS",,"2025-05-27T08:06:31Z"
"zz Brisbane","2025-05-27T08:06:00Z",,"-33.26133728, 116.02853393","18x32","800","196","98",,,"0","MM48","David Yang","H-60","2","2025-05-27T08:07:10Z","VS",,"2025-05-27T08:07:10Z"
"zz Brisbane","2025-05-27T08:09:00Z",,"-33.26133728, 116.02853393","18x32","200","72","36",,,"0","MM48","David Yang","H-60","2","2025-05-27T08:10:09Z","VS",,"2025-05-27T08:10:09Z"
"zz Brisbane","2025-05-27T08:10:00Z",,"-33.26133728, 116.02853393","18x32","500","80","40",,,"0","MM48","David Yang","H-60","2","2025-05-27T08:10:45Z","VS",,"2025-05-27T08:10:45Z"
"zz Brisbane","2025-05-27T08:10:00Z",,"-33.26133728, 116.02853393","18x32","800","76","38",,,"0","MM48","David Yang","H-60","2","2025-05-27T08:11:17Z","VS",,"2025-05-27T08:11:17Z"
"zz Brisbane","2025-05-27T08:13:00Z",,"-33.24450143, 116.04200703","18x32","200","0","0",,,"0","MM48","David Yang","H-60","2","2025-05-27T08:14:00Z","VS",,"2025-05-27T08:14:00Z"
"zz Brisbane","2025-05-27T08:14:00Z",,"-33.24450143, 116.04200703","18x32","500","40","20",,,"0","MM48","David Yang","H-60","2","2025-05-27T08:14:27Z","VS",,"2025-05-27T08:14:27Z"
"zz Brisbane","2025-05-27T08:14:00Z",,"-33.24450143, 116.04200703","18x32","800","80","40",,,"0","MM48","David Yang","H-60","2","2025-05-27T08:14:47Z","VS",,"2025-05-27T08:14:47Z"
"zz Brisbane","2025-05-27T08:17:00Z",,"-33.24455966, 116.04163835","18x32","200","0","0",,,"0","MM48","David Yang","H-60","2","2025-05-27T08:17:24Z","VS",,"2025-05-27T08:17:24Z"
"zz Brisbane","2025-05-27T08:17:00Z",,"-33.24455966, 116.04163835","18x32","500","0","0",,,"0","MM48","David Yang","H-60","2","2025-05-27T08:17:35Z","VS",,"2025-05-27T08:17:35Z"
"zz Brisbane","2025-05-27T08:17:00Z",,"-33.24455966, 116.04163835","18x32","800","24","12",,,"0","MM48","David Yang","H-60","2","2025-05-27T08:17:51Z","VS",,"2025-05-27T08:17:51Z"
"zz Brisbane","2025-05-27T08:19:00Z",,"-33.24455966, 116.04163835","18x32","200","0","0",,,"0","MM48","David Yang","H-60","2","2025-05-27T08:19:58Z","VS",,"2025-05-27T08:19:58Z"
"zz Brisbane","2025-05-27T08:19:00Z",,"-33.24455966, 116.04163835","18x32","500","16","8",,,"0","MM48","David Yang","H-60","2","2025-05-27T08:20:19Z","VS",,"2025-05-27T08:20:19Z"
"zz Brisbane","2025-05-27T08:20:00Z",,"-33.24455966, 116.04163835","18x32","800","200","100",,,"0","MM48","David Yang","H-60","2","2025-05-27T08:21:34Z","VS",,"2025-05-27T08:21:34Z"
"zz Brisbane","2025-05-27T08:22:00Z",,"-33.26133728, 116.02853393","18x32","200","0","0",,,"0","MM48","David Yang","H-60","2","2025-05-27T08:29:56Z","VS",,"2025-05-27T08:29:56Z"
"zz Brisbane","2025-05-27T08:29:00Z",,"-33.26133728, 116.02853393","18x32","500","16","8",,,"0","MM48","David Yang","H-60","2","2025-05-27T08:30:15Z","VS",,"2025-05-27T08:30:15Z"
"zz Brisbane","2025-05-27T08:30:00Z",,"-33.26133728, 116.02853393","18x32","800","104","52",,,"0","MM48","David Yang","H-60","2","2025-05-27T08:30:33Z","VS",,"2025-05-27T08:30:33Z"
"zz Brisbane","2025-05-27T08:33:00Z",,"-33.24455966, 116.04163835","18x32","200","0","0",,,"0","MM48","David Yang","H-60","2","2025-05-27T08:33:57Z","VS",,"2025-05-27T08:33:57Z"
"zz Brisbane","2025-05-27T08:33:00Z",,"-33.24455966, 116.04163835","18x32","500","12","6",,,"0","MM48","David Yang","H-60","2","2025-05-27T08:34:08Z","VS",,"2025-05-27T08:34:08Z"
"zz Brisbane","2025-05-27T08:34:00Z",,"-33.24455966, 116.04163835","18x32","800","56","28",,,"0","MM48","David Yang","H-60","2","2025-05-27T08:34:36Z","VS",,"2025-05-27T08:34:36Z"
"zz Brisbane","2025-05-27T08:37:00Z",,"-33.24455966, 116.04163835","18x32","200","0","0",,,"0","MM48","David Yang","H-60","2","2025-05-27T08:37:49Z","VS",,"2025-05-27T08:37:49Z"
"zz Brisbane","2025-05-27T08:37:00Z",,"-33.24455966, 116.04163835","18x32","500","0","0",,,"0","MM48","David Yang","H-60","2","2025-05-27T08:37:59Z","VS",,"2025-05-27T08:37:59Z"
"zz Brisbane","2025-05-27T08:38:00Z",,"-33.24455966, 116.04163835","18x32","800","24","12",,,"0","MM48","David Yang","H-60","2","2025-05-27T08:38:13Z","VS",,"2025-05-27T08:38:13Z"
"zz Brisbane","2025-05-27T08:41:00Z",,"-33.24455966, 116.04163835","18x32","200","0","0",,,"0","MM48","David Yang","H-60","2","2025-05-27T08:41:46Z","VS",,"2025-05-27T08:41:46Z"
"zz Brisbane","2025-05-27T08:41:00Z",,"-33.24455966, 116.04163835","18x32","500","0","0",,,"0","MM48","David Yang","H-60","2","2025-05-27T08:41:59Z","VS",,"2025-05-27T08:41:59Z"
"zz Brisbane","2025-05-27T08:42:00Z",,"-33.24455966, 116.04163835","18x32","800","12","6",,,"0","MM48","David Yang","H-60","2","2025-05-27T08:42:11Z","VS",,"2025-05-27T08:42:11Z"
"zz Brisbane","2025-05-27T08:44:00Z",,"-33.26133728, 116.02853393","18x32","200","20","10",,,"0","MM48","David Yang","H-60","2","2025-05-27T08:45:19Z","VS",,"2025-05-27T08:45:19Z"
"zz Brisbane","2025-05-27T08:45:00Z",,"-33.26133728, 116.02853393","18x32","500","24","12",,,"0","MM48","David Yang","H-60","2","2025-05-27T08:45:52Z","VS",,"2025-05-27T08:45:52Z"
"zz Brisbane","2025-05-27T08:45:00Z",,"-33.26133728, 116.02853393","18x32","800","36","18",,,"0","MM48","David Yang","H-60","2","2025-05-27T08:46:26Z","VS",,"2025-05-27T08:46:26Z"
"zz Brisbane","2025-05-27T08:48:00Z",,"-33.26133728, 116.02853393","18x32","200","0","0",,,"0","MM48","David Yang","H-60","2","2025-05-27T08:49:04Z","VS",,"2025-05-27T08:49:04Z"
"zz Brisbane","2025-05-27T08:49:00Z",,"-33.24484059, 116.040623","18x32","500","12","6",,,"0","MM48","David Yang","H-60","2","2025-05-27T08:49:19Z","VS",,"2025-05-27T08:49:19Z"
"zz Brisbane","2025-05-27T08:49:00Z",,"-33.24484059, 116.040623","18x32","800","16","8",,,"0","MM48","David Yang","H-60","2","2025-05-27T08:49:38Z","VS",,"2025-05-27T08:49:38Z"
"zz Brisbane","2025-05-27T08:50:00Z",,"-33.24484059, 116.040623","18x32","200","0","0",,,"0","MM48","David Yang","H-60","2","2025-05-27T08:52:00Z","VS",,"2025-05-27T08:52:00Z"
"zz Brisbane","2025-05-27T08:52:00Z",,"-33.24484059, 116.040623","18x32","500","12","6",,,"0","MM48","David Yang","H-60","2","2025-05-27T08:52:13Z","VS",,"2025-05-27T08:52:13Z"
"zz Brisbane","2025-05-27T08:52:00Z",,"-33.24484059, 116.040623","18x32","800","24","12",,,"0","MM48","David Yang","H-60","2","2025-05-27T08:52:38Z","VS",,"2025-05-27T08:52:38Z"
"zz Brisbane","2025-05-27T08:53:00Z",,"-33.24483049, 116.0406226","18x32","200","20","10",,,"0","MM48","David Yang","H-60","2","2025-05-27T08:54:29Z","VS",,"2025-05-27T08:54:29Z"
"zz Brisbane","2025-05-27T08:54:00Z",,"-33.24483049, 116.0406226","18x32","500","20","10",,,"0","MM48","David Yang","H-60","2","2025-05-27T08:54:45Z","VS",,"2025-05-27T08:54:45Z"
"zz Brisbane","2025-05-27T08:54:00Z",,"-33.24483049, 116.0406226","18x32","800","164","82",,,"0","MM48","David Yang","H-60","2","2025-05-27T08:55:10Z","VS",,"2025-05-27T08:55:10Z"
"zz Brisbane","2025-05-28T00:16:00Z",,"-33.26133728, 116.02853393","18x32","200","0","0",,,"0","MM48","David Yang","H-60","2","2025-05-28T00:16:55Z","VS",,"2025-05-28T00:16:55Z"
"zz Brisbane","2025-05-28T00:16:00Z",,"-33.26133728, 116.02853393","18x32","500","0","0",,,"0","MM48","David Yang","H-60","2","2025-05-28T00:17:11Z","VS",,"2025-05-28T00:17:11Z"
"zz Brisbane","2025-05-28T00:17:00Z",,"-33.26133728, 116.02853393","18x32","800","12","6",,,"0","MM48","David Yang","H-60","2","2025-05-28T00:17:25Z","VS",,"2025-05-28T00:17:25Z"
"zz Brisbane","2025-05-28T00:21:00Z",,"-33.24361962, 116.04222956","18x32","200","16","8",,,"0","MM48","David Yang","H-60","2","2025-05-28T00:22:25Z","VS",,"2025-05-28T00:22:25Z"
"zz Brisbane","2025-05-28T00:22:00Z",,"-33.24361962, 116.04222956","18x32","500","48","24",,,"0","MM48","David Yang","H-60","2","2025-05-28T00:22:47Z","VS",,"2025-05-28T00:22:47Z"
"zz Brisbane","2025-05-28T00:22:00Z",,"-33.24361962, 116.04222956","18x32","800","40","20",,,"0","MM48","David Yang","H-60","2","2025-05-28T00:23:06Z","VS",,"2025-05-28T00:23:06Z"
"zz Brisbane","2025-05-28T00:26:00Z",,"-33.24361962, 116.04222956","18x32","200","28","14",,,"0","MM48","David Yang","H-60","2","2025-05-28T00:27:14Z","VS",,"2025-05-28T00:27:14Z"
"zz Brisbane","2025-05-28T00:27:00Z",,"-33.24361962, 116.04222956","18x32","500","40","20",,,"0","MM48","David Yang","H-60","2","2025-05-28T00:27:33Z","VS",,"2025-05-28T00:27:33Z"
"zz Brisbane","2025-05-28T00:27:00Z",,"-33.24361962, 116.04222956","18x32","800","36","18",,,"0","MM48","David Yang","H-60","2","2025-05-28T00:28:04Z","VS",,"2025-05-28T00:28:04Z"
"zz Brisbane","2025-05-28T00:30:00Z",,"-33.24361962, 116.04222956","18x32","200","40","20",,,"0","MM48","David Yang","H-60","2","2025-05-28T00:30:51Z","VS",,"2025-05-28T00:30:51Z"
"zz Brisbane","2025-05-28T00:30:00Z",,"-33.24361962, 116.04222956","18x32","500","36","18",,,"0","MM48","David Yang","H-60","2","2025-05-28T00:31:13Z","VS",,"2025-05-28T00:31:13Z"
"zz Brisbane","2025-05-28T00:31:00Z",,"-33.24361962, 116.04222956","18x32","800","152","76",,,"0","MM48","David Yang","H-60","2","2025-05-28T00:31:50Z","VS",,"2025-05-28T00:31:50Z"
"zz Brisbane","2025-05-28T00:34:00Z",,"-33.26133726, 116.02853394","18x32","200","20","10",,,"0","MM48","David Yang","H-60","2","2025-05-28T00:34:28Z","VS",,"2025-05-28T00:34:28Z"
"zz Brisbane","2025-05-28T00:34:00Z",,"-33.26133726, 116.02853394","18x32","500","48","24",,,"0","MM48","David Yang","H-60","2","2025-05-28T00:35:32Z","VS",,"2025-05-28T00:35:32Z"
"zz Brisbane","2025-05-28T00:35:00Z",,"-33.26133726, 116.02853394","18x32","800","76","38",,,"0","MM48","David Yang","H-60","2","2025-05-28T00:35:48Z","VS",,"2025-05-28T00:35:48Z"
"zz Brisbane","2025-05-28T00:37:00Z",,"-33.26133726, 116.02853394","18x32","200","24","12",,,"0","MM48","David Yang","H-60","2","2025-05-28T00:37:57Z","VS",,"2025-05-28T00:37:57Z"
"zz Brisbane","2025-05-28T00:37:00Z",,"-33.26133726, 116.02853394","18x32","500","32","16",,,"0","MM48","David Yang","H-60","2","2025-05-28T00:38:24Z","VS",,"2025-05-28T00:38:24Z"
"zz Brisbane","2025-05-28T00:38:00Z",,"-33.26133728, 116.02853393","18x32","800","72","36",,,"0","MM48","David Yang","H-60","2","2025-05-28T00:38:48Z","VS",,"2025-05-28T00:38:48Z"
"zz Brisbane","2025-05-28T00:40:00Z",,"-33.26133728, 116.02853393","18x32","200","24","12",,,"0","MM48","David Yang","H-60","2","2025-05-28T00:41:05Z","VS",,"2025-05-28T00:41:05Z"
"zz Brisbane","2025-05-28T00:41:00Z",,"-33.26133728, 116.02853393","18x32","500","32","16",,,"0","MM48","David Yang","H-60","2","2025-05-28T00:41:34Z","VS",,"2025-05-28T00:41:34Z"
"zz Brisbane","2025-05-28T00:41:00Z",,"-33.26133728, 116.02853393","18x32","800","56","28",,,"0","MM48","David Yang","H-60","2","2025-05-28T00:41:52Z","VS",,"2025-05-28T00:41:52Z"
"zz Brisbane","2025-05-28T00:43:00Z",,"-33.26133728, 116.02853393","18x32","200","44","22",,,"0","MM48","David Yang","H-60","2","2025-05-28T00:43:56Z","VS",,"2025-05-28T00:43:56Z"
"zz Brisbane","2025-05-28T00:43:00Z",,"-33.26133728, 116.02853393","18x32","500","48","24",,,"0","MM48","David Yang","H-60","2","2025-05-28T00:44:23Z","VS",,"2025-05-28T00:44:23Z"
"zz Brisbane","2025-05-28T00:44:00Z",,"-33.26133728, 116.02853393","18x32","800","20","10",,,"0","MM48","David Yang","H-60","2","2025-05-28T00:44:44Z","VS",,"2025-05-28T00:44:44Z"
"zz Brisbane","2025-05-28T00:46:00Z",,"-33.26133728, 116.02853393","18x32","200","64","32",,,"0","MM48","David Yang","H-60","2","2025-05-28T00:46:52Z","VS",,"2025-05-28T00:46:52Z"
"zz Brisbane","2025-05-28T00:46:00Z",,"-33.26133728, 116.02853393","18x32","500","44","22",,,"0","MM48","David Yang","H-60","2","2025-05-28T00:47:20Z","VS",,"2025-05-28T00:47:20Z"
"zz Brisbane","2025-05-28T00:47:00Z",,"-33.26133728, 116.02853393","18x32","800","76","38",,,"0","MM48","David Yang","H-60","2","2025-05-28T00:47:51Z","VS",,"2025-05-28T00:47:51Z"
"zz Brisbane","2025-05-28T00:49:00Z",,"-33.26133728, 116.02853393","18x32","200","100","50",,,"0","MM48","David Yang","H-60","2","2025-05-28T00:49:53Z","VS",,"2025-05-28T00:49:53Z"
"zz Brisbane","2025-05-28T00:49:00Z",,"-33.26133728, 116.02853393","18x32","500","188","94",,,"0","MM48","David Yang","H-60","2","2025-05-28T00:50:21Z","VS",,"2025-05-28T00:50:21Z"
"zz Brisbane","2025-05-28T00:50:00Z",,"-33.26133728, 116.02853393","18x32","800","128","64",,,"0","MM48","David Yang","H-60","2","2025-05-28T00:51:00Z","VS",,"2025-05-28T00:51:00Z"
"zz Brisbane","2025-05-28T00:57:00Z",,"-33.2438392, 116.03900669","18x32","200","48","24",,,"0","MM48","David Yang","H-60","2","2025-05-28T00:58:24Z","VS",,"2025-05-28T00:58:24Z"
"zz Brisbane","2025-05-28T00:58:00Z",,"-33.2438392, 116.03900669","18x32","500","56","28",,,"0","MM48","David Yang","H-60","2","2025-05-28T00:58:47Z","VS",,"2025-05-28T00:58:47Z"
"zz Brisbane","2025-05-28T00:58:00Z",,"-33.2438392, 116.03900669","18x32","800","52","26",,,"0","MM48","David Yang","H-60","2","2025-05-28T00:59:12Z","VS",,"2025-05-28T00:59:12Z"
"zz Brisbane","2025-05-28T01:05:00Z",,"-33.2438392, 116.03900669","18x32","200","84","42",,,"0","MM48","David Yang","H-60","2","2025-05-28T01:06:58Z","VS",,"2025-05-28T01:06:58Z"
"zz Brisbane","2025-05-28T01:06:00Z",,"-33.2438392, 116.03900669","18x32","500","52","26",,,"0","MM48","David Yang","H-60","2","2025-05-28T01:07:51Z","VS",,"2025-05-28T01:07:51Z"
"zz Brisbane","2025-05-28T01:07:00Z",,"-33.2438392, 116.03900669","18x32","800","120","60",,,"0","MM48","David Yang","H-60","2","2025-05-28T01:08:21Z","VS",,"2025-05-28T01:08:21Z"
"zz Brisbane","2025-05-28T01:20:00Z",,"-33.2438392, 116.03900669","18x32","200","44","22",,,"0","MM48","David Yang","H-60","2","2025-05-28T01:20:31Z","VS",,"2025-05-28T01:20:31Z"
"zz Brisbane","2025-05-28T01:20:00Z",,"-33.2438392, 116.03900669","18x32","500","16","8",,,"0","MM48","David Yang","H-60","2","2025-05-28T01:20:50Z","VS",,"2025-05-28T01:20:50Z"
"zz Brisbane","2025-05-28T01:20:00Z",,"-33.2438392, 116.03900669","18x32","800","44","22",,,"0","MM48","David Yang","H-60","2","2025-05-28T01:21:04Z","VS",,"2025-05-28T01:21:04Z"
"zz Brisbane","2025-05-28T01:22:00Z",,"-33.2438392, 116.03900669","18x32","200","36","18",,,"0","MM48","David Yang","H-60","2","2025-05-28T01:23:20Z","VS",,"2025-05-28T01:23:20Z"
"zz Brisbane","2025-05-28T01:23:00Z",,"-33.2438392, 116.03900669","18x32","500","16","8",,,"0","MM48","David Yang","H-60","2","2025-05-28T01:23:39Z","VS",,"2025-05-28T01:23:39Z"
"zz Brisbane","2025-05-28T01:23:00Z",,"-33.2438392, 116.03900669","18x32","800","56","28",,,"0","MM48","David Yang","H-60","2","2025-05-28T01:24:00Z","VS",,"2025-05-28T01:24:00Z"
"zz Brisbane","2025-05-28T01:34:00Z",,"-33.2613304, 116.02853806","18x32","200","48","24",,,"0","MM48","David Yang","H-60","2","2025-05-28T01:34:25Z","VS",,"2025-05-28T01:34:25Z"
"zz Brisbane","2025-05-28T01:34:00Z",,"-33.2613304, 116.02853806","18x32","500","24","12",,,"0","MM48","David Yang","H-60","2","2025-05-28T01:34:58Z","VS",,"2025-05-28T01:34:58Z"
"zz Brisbane","2025-05-28T01:34:00Z",,"-33.2613304, 116.02853806","18x32","800","72","36",,,"0","MM48","David Yang","H-60","2","2025-05-28T01:35:21Z","VS",,"2025-05-28T01:35:21Z"
"zz Brisbane","2025-05-28T01:37:00Z",,"-33.2613304, 116.02853806","18x32","200","44","22",,,"0","MM48","David Yang","H-60","2","2025-05-28T01:37:55Z","VS",,"2025-05-28T01:37:55Z"
"zz Brisbane","2025-05-28T01:37:00Z",,"-33.2613304, 116.02853806","18x32","500","72","36",,,"0","MM48","David Yang","H-60","2","2025-05-28T01:38:18Z","VS",,"2025-05-28T01:38:18Z"
"zz Brisbane","2025-05-28T01:38:00Z",,"-33.2613304, 116.02853806","18x32","800","72","36",,,"0","MM48","David Yang","H-60","2","2025-05-28T01:38:37Z","VS",,"2025-05-28T01:38:37Z"
"zz Brisbane","2025-05-28T01:40:00Z",,"-33.26133727, 116.02853393","18x32","200","52","26",,,"0","MM48","David Yang","H-60","2","2025-05-28T01:40:35Z","VS",,"2025-05-28T01:40:35Z"
"zz Brisbane","2025-05-28T01:40:00Z",,"-33.26133727, 116.02853393","18x32","500","56","28",,,"0","MM48","David Yang","H-60","2","2025-05-28T01:40:54Z","VS",,"2025-05-28T01:40:54Z"
"zz Brisbane","2025-05-28T01:40:00Z",,"-33.26133727, 116.02853393","18x32","800","48","24",,,"0","MM48","David Yang","H-60","2","2025-05-28T01:41:16Z","VS",,"2025-05-28T01:41:16Z"
"zz Brisbane","2025-05-28T01:43:00Z",,"-33.26133727, 116.02853393","18x32","200","56","28",,,"0","MM48","David Yang","H-60","2","2025-05-28T01:43:20Z","VS",,"2025-05-28T01:43:20Z"
"zz Brisbane","2025-05-28T01:43:00Z",,"-33.26133727, 116.02853393","18x32","500","52","26",,,"0","MM48","David Yang","H-60","2","2025-05-28T01:43:57Z","VS",,"2025-05-28T01:43:57Z"
"zz Brisbane","2025-05-28T01:44:00Z",,"-33.26133727, 116.02853393","18x32","800","300","150",,,"0","MM48","David Yang","H-60","2","2025-05-28T01:46:34Z","VS",,"2025-05-28T01:46:34Z"
"zz Brisbane","2025-05-28T01:50:00Z",,"-33.26133728, 116.02853393","18x32","200","72","36",,,"0","MM48","David Yang","H-60","2","2025-05-28T01:50:44Z","VS",,"2025-05-28T01:50:44Z"
"zz Brisbane","2025-05-28T01:50:00Z",,"-33.2436791, 116.04218849","18x32","500","60","30",,,"0","MM48","David Yang","H-60","2","2025-05-28T01:51:13Z","VS",,"2025-05-28T01:51:13Z"
"zz Brisbane","2025-05-28T01:51:00Z",,"-33.2436791, 116.04218849","18x32","800","48","24",,,"0","MM48","David Yang","H-60","2","2025-05-28T01:51:40Z","VS",,"2025-05-28T01:51:40Z"
"zz Brisbane","2025-05-28T01:54:00Z",,"-33.2436791, 116.04218849","18x32","200","28","14",,,"0","MM48","David Yang","H-60","2","2025-05-28T01:54:44Z","VS",,"2025-05-28T01:54:44Z"
"zz Brisbane","2025-05-28T01:54:00Z",,"-33.2436791, 116.04218849","18x32","500","180","90",,,"0","MM48","David Yang","H-60","2","2025-05-28T01:55:09Z","VS",,"2025-05-28T01:55:09Z"
"zz Brisbane","2025-05-28T01:55:00Z",,"-33.2436791, 116.04218849","18x32","800","300","150",,,"0","MM48","David Yang","H-60","2","2025-05-28T01:57:29Z","VS",,"2025-05-28T01:57:29Z"
"zz Brisbane","2025-05-28T02:00:00Z",,"-33.24359647, 116.04289025","18x32","200","0","0",,,"0","David Yang","David Yang","H-60","2","2025-05-28T02:00:35Z","VS",,"2025-05-28T02:00:35Z"
"zz Brisbane","2025-05-28T02:00:00Z",,"-33.24359647, 116.04289025","18x32","500","12","6",,,"0","David Yang","David Yang","H-60","2","2025-05-28T02:01:03Z","VS",,"2025-05-28T02:01:03Z"
"zz Brisbane","2025-05-28T02:01:00Z",,"-33.24360714, 116.042889","18x32","800","24","12",,,"0","David Yang","David Yang","H-60","2","2025-05-28T02:01:28Z","VS",,"2025-05-28T02:01:28Z"
"zz Brisbane","2025-05-28T02:05:00Z",,"-33.24360223, 116.04321296","18x32","200","0","0",,,"0","David Yang","David Yang","H-60","2","2025-05-28T02:05:39Z","VS",,"2025-05-28T02:05:39Z"
"zz Brisbane","2025-05-28T02:05:00Z",,"-33.24358888, 116.04323832","18x32","500","0","0",,,"0","David Yang","David Yang","H-60","2","2025-05-28T02:06:03Z","VS",,"2025-05-28T02:06:03Z"
"zz Brisbane","2025-05-28T02:06:00Z",,"-33.24359131, 116.04331293","18x32","800","16","8",,,"0","David Yang","David Yang","H-60","2","2025-05-28T02:06:37Z","VS",,"2025-05-28T02:06:37Z"
"zz Brisbane","2025-05-28T02:07:00Z",,"-33.24360126, 116.04361463","18x32","200","0","0",,,"0","David Yang","David Yang","H-60","2","2025-05-28T02:07:45Z","VS",,"2025-05-28T02:07:45Z"
"zz Brisbane","2025-05-28T02:07:00Z",,"-33.24360126, 116.04361463","18x32","500","16","8",,,"0","David Yang","David Yang","H-60","2","2025-05-28T02:08:02Z","VS",,"2025-05-28T02:08:02Z"
"zz Brisbane","2025-05-28T02:08:00Z",,"-33.243592, 116.04361488","18x32","800","280","140",,,"0","David Yang","David Yang","H-60","2","2025-05-28T02:08:32Z","VS",,"2025-05-28T02:08:32Z"
"zz Brisbane","2025-05-28T02:11:00Z",,"-33.24363529, 116.04376035","18x32","200","0","0",,,"0","David Yang","David Yang","H-60","2","2025-05-28T02:12:18Z","VS",,"2025-05-28T02:12:18Z"
"zz Brisbane","2025-05-28T02:12:00Z",,"-33.24363529, 116.04376035","18x32","500","0","0",,,"0","David Yang","David Yang","H-60","2","2025-05-28T02:12:36Z","VS",,"2025-05-28T02:12:36Z"
"zz Brisbane","2025-05-28T02:12:00Z",,"-33.24363827, 116.04376975","18x32","800","28","14",,,"0","David Yang","David Yang","H-60","2","2025-05-28T02:12:49Z","VS",,"2025-05-28T02:12:49Z"
"zz Brisbane","2025-05-28T02:14:00Z",,"-33.24365518, 116.0433998","18x32","200","0","0",,,"0","David Yang","David Yang","H-60","2","2025-05-28T02:14:24Z","VS",,"2025-05-28T02:14:24Z"
"zz Brisbane","2025-05-28T02:14:00Z",,"-33.24365518, 116.0433998","18x32","500","0","0",,,"0","David Yang","David Yang","H-60","2","2025-05-28T02:14:37Z","VS",,"2025-05-28T02:14:37Z"
"zz Brisbane","2025-05-28T02:14:00Z",,"-33.24364045, 116.04343767","18x32","800","12","6",,,"0","David Yang","David Yang","H-60","2","2025-05-28T02:14:52Z","VS",,"2025-05-28T02:14:52Z"
"zz Brisbane","2025-05-28T02:16:00Z",,"-33.24367197, 116.04308054","18x32","200","0","0",,,"0","David Yang","David Yang","H-60","2","2025-05-28T02:16:34Z","VS",,"2025-05-28T02:16:34Z"
"zz Brisbane","2025-05-28T02:16:00Z",,"-33.24367197, 116.04308054","18x32","500","12","6",,,"0","David Yang","David Yang","H-60","2","2025-05-28T02:16:44Z","VS",,"2025-05-28T02:16:44Z"
"zz Brisbane","2025-05-28T02:16:00Z",,"-33.24367197, 116.04308054","18x32","800","12","6",,,"0","David Yang","David Yang","H-60","2","2025-05-28T02:16:57Z","VS",,"2025-05-28T02:16:57Z"
"zz Brisbane","2025-05-28T02:18:00Z",,"-33.24368382, 116.04265253","18x32","200","0","0",,,"0","David Yang","David Yang","H-60","2","2025-05-28T02:18:57Z","VS",,"2025-05-28T02:18:57Z"
"zz Brisbane","2025-05-28T02:18:00Z",,"-33.24368382, 116.04265253","18x32","500","24","12",,,"0","David Yang","David Yang","H-60","2","2025-05-28T02:19:10Z","VS",,"2025-05-28T02:19:10Z"
"zz Brisbane","2025-05-28T02:19:00Z",,"-33.24368382, 116.04265253","18x32","800","44","22",,,"0","David Yang","David Yang","H-60","2","2025-05-28T02:19:25Z","VS",,"2025-05-28T02:19:25Z"
"zz Brisbane","2025-05-28T02:20:00Z",,"-33.24370448, 116.04230041","18x32","200","16","8",,,"0","David Yang","David Yang","H-60","2","2025-05-28T02:21:18Z","VS",,"2025-05-28T02:21:18Z"
"zz Brisbane","2025-05-28T02:21:00Z",,"-33.24370448, 116.04230041","18x32","500","36","18",,,"0","David Yang","David Yang","H-60","2","2025-05-28T02:21:46Z","VS",,"2025-05-28T02:21:46Z"
"zz Brisbane","2025-05-28T02:21:00Z",,"-33.24369469, 116.0423354","18x32","800","44","22",,,"0","David Yang","David Yang","H-60","2","2025-05-28T02:22:11Z","VS",,"2025-05-28T02:22:11Z"
"zz Brisbane","2025-05-28T02:23:00Z",,"-33.243717, 116.04196233","18x32","200","32","16",,,"0","David Yang","David Yang","H-60","2","2025-05-28T02:23:59Z","VS",,"2025-05-28T02:23:59Z"
"zz Brisbane","2025-05-28T02:24:00Z",,"-33.243717, 116.04196233","18x32","500","52","26",,,"0","David Yang","David Yang","H-60","2","2025-05-28T02:24:17Z","VS",,"2025-05-28T02:24:17Z"
"zz Brisbane","2025-05-28T02:24:00Z",,"-33.243717, 116.04196233","18x32","800","40","20",,,"0","David Yang","David Yang","H-60","2","2025-05-28T02:24:36Z","VS",,"2025-05-28T02:24:36Z"
"zz Brisbane","2025-05-28T02:26:00Z",,"-33.24372214, 116.0416506","18x32","200","44","22",,,"0","David Yang","David Yang","H-60","2","2025-05-28T02:26:33Z","VS",,"2025-05-28T02:26:33Z"
"zz Brisbane","2025-05-28T02:26:00Z",,"-33.24372214, 116.0416506","18x32","500","48","24",,,"0","David Yang","David Yang","H-60","2","2025-05-28T02:26:47Z","VS",,"2025-05-28T02:26:47Z"
"zz Brisbane","2025-05-28T02:26:00Z",,"-33.24373211, 116.04164879","18x32","800","48","24",,,"0","David Yang","David Yang","H-60","2","2025-05-28T02:27:07Z","VS",,"2025-05-28T02:27:07Z"
"zz Brisbane","2025-05-28T02:28:00Z",,"-33.24376611, 116.04131077","18x32","200","48","24",,,"0","David Yang","David Yang","H-60","2","2025-05-28T02:29:24Z","VS",,"2025-05-28T02:29:24Z"
"zz Brisbane","2025-05-28T02:29:00Z",,"-33.24376849, 116.04129885","18x32","500","56","28",,,"0","David Yang","David Yang","H-60","2","2025-05-28T02:29:44Z","VS",,"2025-05-28T02:29:44Z"
"zz Brisbane","2025-05-28T02:29:00Z",,"-33.24376849, 116.04129885","18x32","800","56","28",,,"0","David Yang","David Yang","H-60","2","2025-05-28T02:30:04Z","VS",,"2025-05-28T02:30:04Z"
"zz Brisbane","2025-05-28T02:41:00Z",,"-33.24376942, 116.04103046","18x32","200","48","24",,,"0","David Yang","David Yang","H-60","2","2025-05-28T02:42:27Z","VS",,"2025-05-28T02:42:27Z"
"zz Brisbane","2025-05-28T02:42:00Z",,"-33.24376942, 116.04103046","18x32","500","40","20",,,"0","David Yang","David Yang","H-60","2","2025-05-28T02:42:54Z","VS",,"2025-05-28T02:42:54Z"
"zz Brisbane","2025-05-28T02:42:00Z",,"-33.24376942, 116.04103046","18x32","800","64","32",,,"0","David Yang","David Yang","H-60","2","2025-05-28T02:43:16Z","VS",,"2025-05-28T02:43:16Z"
"zz Brisbane","2025-05-28T02:44:00Z",,"-33.24378876, 116.04083283","18x32","200","52","26",,,"0","David Yang","David Yang","H-60","2","2025-05-28T02:45:08Z","VS",,"2025-05-28T02:45:08Z"
"zz Brisbane","2025-05-28T02:45:00Z",,"-33.24378876, 116.04083283","18x32","500","36","18",,,"0","David Yang","David Yang","H-60","2","2025-05-28T02:45:26Z","VS",,"2025-05-28T02:45:26Z"
"zz Brisbane","2025-05-28T02:45:00Z",,"-33.24378876, 116.04083283","18x32","800","44","22",,,"0","David Yang","David Yang","H-60","2","2025-05-28T02:45:43Z","VS",,"2025-05-28T02:45:43Z"
"zz Brisbane","2025-05-28T02:47:00Z",,"-33.24378311, 116.04060218","18x32","200","44","22",,,"0","David Yang","David Yang","H-60","2","2025-05-28T02:47:37Z","VS",,"2025-05-28T02:47:37Z"
"zz Brisbane","2025-05-28T02:47:00Z",,"-33.24378311, 116.04060218","18x32","500","36","18",,,"0","David Yang","David Yang","H-60","2","2025-05-28T02:47:54Z","VS",,"2025-05-28T02:47:54Z"
"zz Brisbane","2025-05-28T02:47:00Z",,"-33.24378311, 116.04060218","18x32","800","44","22",,,"0","David Yang","David Yang","H-60","2","2025-05-28T02:48:09Z","VS",,"2025-05-28T02:48:09Z"
"zz Brisbane","2025-05-28T02:55:00Z",,"-33.24380737, 116.04062015","18x32","200","52","26",,,"0","David Yang","David Yang","H-60","2","2025-05-28T02:56:17Z","VS",,"2025-05-28T02:56:17Z"
"zz Brisbane","2025-05-28T02:56:00Z",,"-33.24380737, 116.04062015","18x32","500","36","18",,,"0","David Yang","David Yang","H-60","2","2025-05-28T02:56:33Z","VS",,"2025-05-28T02:56:33Z"
"zz Brisbane","2025-05-28T02:56:00Z",,"-33.24378339, 116.04064199","18x32","800","44","22",,,"0","David Yang","David Yang","H-60","2","2025-05-28T02:56:57Z","VS",,"2025-05-28T02:56:57Z"
"zz Brisbane","2025-05-28T02:58:00Z",,"-33.24379589, 116.04033044","18x32","200","36","18",,,"0","David Yang","David Yang","H-60","2","2025-05-28T02:58:59Z","VS",,"2025-05-28T02:58:59Z"
"zz Brisbane","2025-05-28T02:59:00Z",,"-33.24379589, 116.04033044","18x32","500","40","20",,,"0","David Yang","David Yang","H-60","2","2025-05-28T02:59:11Z","VS",,"2025-05-28T02:59:11Z"
"zz Brisbane","2025-05-28T02:59:00Z",,"-33.24380374, 116.0403251","18x32","800","72","36",,,"0","David Yang","David Yang","H-60","2","2025-05-28T02:59:29Z","VS",,"2025-05-28T02:59:29Z"
"zz Brisbane","2025-05-28T03:01:00Z",,"-33.24382115, 116.03999005","18x32","200","44","22",,,"0","David Yang","David Yang","H-60","2","2025-05-28T03:02:14Z","VS",,"2025-05-28T03:02:14Z"
"zz Brisbane","2025-05-28T03:02:00Z",,"-33.24382115, 116.03999005","18x32","500","32","16",,,"0","David Yang","David Yang","H-60","2","2025-05-28T03:02:49Z","VS",,"2025-05-28T03:02:49Z"
"zz Brisbane","2025-05-28T03:02:00Z",,"-33.24382115, 116.03999005","18x32","800","20","10",,,"0","David Yang","David Yang","H-60","2","2025-05-28T03:03:06Z","VS",,"2025-05-28T03:03:06Z"
"zz Brisbane","2025-05-28T03:09:00Z",,"-33.2438478, 116.03977237","18x32","200","44","22",,,"0","David Yang","David Yang","H-60","2","2025-05-28T03:09:24Z","VS",,"2025-05-28T03:09:24Z"
"zz Brisbane","2025-05-28T03:09:00Z",,"-33.2438478, 116.03977237","18x32","500","40","20",,,"0","David Yang","David Yang","H-60","2","2025-05-28T03:09:47Z","VS",,"2025-05-28T03:09:47Z"
"zz Brisbane","2025-05-28T03:09:00Z",,"-33.2438478, 116.03977237","18x32","800","24","12",,,"0","David Yang","David Yang","H-60","2","2025-05-28T03:10:04Z","VS",,"2025-05-28T03:10:04Z"
"zz Brisbane","2025-05-28T03:11:00Z",,"-33.24384448, 116.03950523","18x32","200","80","40",,,"0","David Yang","David Yang","H-60","2","2025-05-28T03:12:12Z","VS",,"2025-05-28T03:12:12Z"
"zz Brisbane","2025-05-28T03:12:00Z",,"-33.24384448, 116.03950523","18x32","500","40","20",,,"0","David Yang","David Yang","H-60","2","2025-05-28T03:12:39Z","VS",,"2025-05-28T03:12:39Z"
"zz Brisbane","2025-05-28T03:12:00Z",,"-33.24384448, 116.03950523","18x32","800","84","42",,,"0","David Yang","David Yang","H-60","2","2025-05-28T03:13:03Z","VS",,"2025-05-28T03:13:03Z"
"zz Brisbane","2025-05-28T03:15:00Z",,"-33.24387185, 116.03928039","18x32","200","96","48",,,"0","David Yang","David Yang","H-60","2","2025-05-28T03:15:31Z","VS",,"2025-05-28T03:15:31Z"
"zz Brisbane","2025-05-28T03:15:00Z",,"-33.24387185, 116.03928039","18x32","500","80","40",,,"0","David Yang","David Yang","H-60","2","2025-05-28T03:16:01Z","VS",,"2025-05-28T03:16:01Z"
"zz Brisbane","2025-05-28T03:16:00Z",,"-33.24387185, 116.03928039","18x32","800","112","56",,,"0","David Yang","David Yang","H-60","2","2025-05-28T03:16:24Z","VS",,"2025-05-28T03:16:24Z"
"zz Brisbane","2025-05-28T03:18:00Z",,"-33.24386092, 116.03900511","18x32","200","60","30",,,"0","David Yang","David Yang","H-60","2","2025-05-28T03:18:41Z","VS",,"2025-05-28T03:18:41Z"
"zz Brisbane","2025-05-28T03:18:00Z",,"-33.24386092, 116.03900511","18x32","500","76","38",,,"0","David Yang","David Yang","H-60","2","2025-05-28T03:19:16Z","VS",,"2025-05-28T03:19:16Z"
"zz Brisbane","2025-05-28T03:19:00Z",,"-33.24386092, 116.03900511","18x32","800","112","56",,,"0","David Yang","David Yang","H-60","2","2025-05-28T03:19:33Z","VS",,"2025-05-28T03:19:33Z"
"zz Brisbane","2025-05-28T03:22:00Z",,"-33.24384579, 116.03928197","18x32","200","96","48",,,"0","David Yang","David Yang","H-60","2","2025-05-28T03:23:05Z","VS",,"2025-05-28T03:23:05Z"
"zz Brisbane","2025-05-28T03:23:00Z",,"-33.24385669, 116.03928265","18x32","500","100","50",,,"0","David Yang","David Yang","H-60","2","2025-05-28T03:23:35Z","VS",,"2025-05-28T03:23:35Z"
"zz Brisbane","2025-05-28T03:23:00Z",,"-33.24385669, 116.03928265","18x32","800","116","58",,,"0","David Yang","David Yang","H-60","2","2025-05-28T03:23:52Z","VS",,"2025-05-28T03:23:52Z"
"zz Brisbane","2025-05-28T03:25:00Z",,"-33.24385388, 116.03953394","18x32","200","80","40",,,"0","David Yang","David Yang","H-60","2","2025-05-28T03:26:06Z","VS",,"2025-05-28T03:26:06Z"
"zz Brisbane","2025-05-28T03:26:00Z",,"-33.24385388, 116.03953394","18x32","500","40","20",,,"0","David Yang","David Yang","H-60","2","2025-05-28T03:26:36Z","VS",,"2025-05-28T03:26:36Z"
"zz Brisbane","2025-05-28T03:26:00Z",,"-33.24385388, 116.03953394","18x32","800","68","34",,,"0","David Yang","David Yang","H-60","2","2025-05-28T03:26:55Z","VS",,"2025-05-28T03:26:55Z"
"zz Brisbane","2025-05-28T03:30:00Z",,"-33.24383056, 116.03977946","18x32","200","96","48",,,"0","David Yang","David Yang","H-60","2","2025-05-28T03:30:32Z","VS",,"2025-05-28T03:30:32Z"
"zz Brisbane","2025-05-28T03:30:00Z",,"-33.24383056, 116.03977946","18x32","500","40","20",,,"0","David Yang","David Yang","H-60","2","2025-05-28T03:30:49Z","VS",,"2025-05-28T03:30:49Z"
"zz Brisbane","2025-05-28T03:30:00Z",,"-33.24383056, 116.03977946","18x32","800","36","18",,,"0","David Yang","David Yang","H-60","2","2025-05-28T03:31:04Z","VS",,"2025-05-28T03:31:04Z"
"zz Brisbane","2025-05-28T03:33:00Z",,"-33.24381517, 116.04014196","18x32","200","52","26",,,"0","David Yang","David Yang","H-60","2","2025-05-28T03:33:48Z","VS",,"2025-05-28T03:33:48Z"
"zz Brisbane","2025-05-28T03:33:00Z",,"-33.24381517, 116.04014196","18x32","500","24","12",,,"0","David Yang","David Yang","H-60","2","2025-05-28T03:34:04Z","VS",,"2025-05-28T03:34:04Z"
"zz Brisbane","2025-05-28T03:34:00Z",,"-33.24381517, 116.04014196","18x32","800","40","20",,,"0","David Yang","David Yang","H-60","2","2025-05-28T03:34:22Z","VS",,"2025-05-28T03:34:22Z"
"zz Brisbane","2025-05-28T03:38:00Z",,"-33.24381002, 116.04052382","18x32","200","56","28",,,"0","David Yang","David Yang","H-60","2","2025-05-28T03:38:34Z","VS",,"2025-05-28T03:38:34Z"
"zz Brisbane","2025-05-28T03:38:00Z",,"-33.24381002, 116.04052382","18x32","500","32","16",,,"0","David Yang","David Yang","H-60","2","2025-05-28T03:38:48Z","VS",,"2025-05-28T03:38:48Z"
"zz Brisbane","2025-05-28T03:38:00Z",,"-33.24381002, 116.04052382","18x32","800","56","28",,,"0","David Yang","David Yang","H-60","2","2025-05-28T03:39:07Z","VS",,"2025-05-28T03:39:07Z"
"zz Brisbane","2025-05-28T03:40:00Z",,"-33.2437969, 116.04080169","18x32","200","56","28",,,"0","David Yang","David Yang","H-60","2","2025-05-28T03:41:16Z","VS",,"2025-05-28T03:41:16Z"
"zz Brisbane","2025-05-28T03:41:00Z",,"-33.24381395, 116.0408135","18x32","500","24","12",,,"0","David Yang","David Yang","H-60","2","2025-05-28T03:41:41Z","VS",,"2025-05-28T03:41:41Z"
"zz Brisbane","2025-05-28T03:41:00Z",,"-33.24381395, 116.0408135","18x32","800","32","16",,,"0","David Yang","David Yang","H-60","2","2025-05-28T03:41:59Z","VS",,"2025-05-28T03:41:59Z"
"zz Brisbane","2025-05-28T03:45:00Z",,"-33.2437805, 116.04107093","18x32","200","64","32",,,"0","David Yang","David Yang","H-60","2","2025-05-28T03:45:33Z","VS",,"2025-05-28T03:45:33Z"
"zz Brisbane","2025-05-28T03:45:00Z",,"-33.2437805, 116.04107093","18x32","500","56","28",,,"0","David Yang","David Yang","H-60","2","2025-05-28T03:45:51Z","VS",,"2025-05-28T03:45:51Z"
"zz Brisbane","2025-05-28T03:45:00Z",,"-33.2437805, 116.04107093","18x32","800","68","34",,,"0","David Yang","David Yang","H-60","2","2025-05-28T03:46:10Z","VS",,"2025-05-28T03:46:10Z"
"zz Brisbane","2025-05-28T03:47:00Z",,"-33.24377692, 116.04136643","18x32","200","76","38",,,"0","David Yang","David Yang","H-60","2","2025-05-28T03:48:19Z","VS",,"2025-05-28T03:48:19Z"
"zz Brisbane","2025-05-28T03:48:00Z",,"-33.24377692, 116.04136643","18x32","500","76","38",,,"0","David Yang","David Yang","H-60","2","2025-05-28T03:48:36Z","VS",,"2025-05-28T03:48:36Z"
"zz Brisbane","2025-05-28T03:48:00Z",,"-33.24376436, 116.04135376","18x32","800","56","28",,,"0","David Yang","David Yang","H-60","2","2025-05-28T03:49:04Z","VS",,"2025-05-28T03:49:04Z"
"zz Brisbane","2025-05-28T03:50:00Z",,"-33.24376583, 116.04167569","18x32","200","44","22",,,"0","David Yang","David Yang","H-60","2","2025-05-28T03:50:56Z","VS",,"2025-05-28T03:50:56Z"
"zz Brisbane","2025-05-28T03:50:00Z",,"-33.24376583, 116.04167569","18x32","500","52","26",,,"0","David Yang","David Yang","H-60","2","2025-05-28T03:51:16Z","VS",,"2025-05-28T03:51:16Z"
"zz Brisbane","2025-05-28T03:51:00Z",,"-33.24376583, 116.04167569","18x32","800","192","96",,,"0","David Yang","David Yang","H-60","2","2025-05-28T03:51:33Z","VS",,"2025-05-28T03:51:33Z"
"zz Brisbane","2025-05-28T03:53:00Z",,"-33.24372851, 116.042087","18x32","200","76","38",,,"0","David Yang","David Yang","H-60","2","2025-05-28T03:53:50Z","VS",,"2025-05-28T03:53:50Z"
"zz Brisbane","2025-05-28T03:53:00Z",,"-33.24372851, 116.042087","18x32","500","44","22",,,"0","David Yang","David Yang","H-60","2","2025-05-28T03:54:09Z","VS",,"2025-05-28T03:54:09Z"
"zz Brisbane","2025-05-28T03:54:00Z",,"-33.24372851, 116.042087","18x32","800","152","76",,,"0","David Yang","David Yang","H-60","2","2025-05-28T03:54:32Z","VS",,"2025-05-28T03:54:32Z"
"zz Brisbane","2025-05-28T03:56:00Z",,"-33.24371754, 116.04236798","18x32","200","48","24",,,"0","David Yang","David Yang","H-60","2","2025-05-28T03:56:52Z","VS",,"2025-05-28T03:56:52Z"
"zz Brisbane","2025-05-28T03:56:00Z",,"-33.24371754, 116.04236798","18x32","500","24","12",,,"0","David Yang","David Yang","H-60","2","2025-05-28T03:57:09Z","VS",,"2025-05-28T03:57:09Z"
"zz Brisbane","2025-05-28T03:57:00Z",,"-33.24371754, 116.04236798","18x32","800","280","140",,,"0","David Yang","David Yang","H-60","2","2025-05-28T03:57:43Z","VS",,"2025-05-28T03:57:43Z"
"zz Brisbane","2025-05-28T03:59:00Z",,"-33.2437118, 116.04277133","18x32","200","16","8",,,"0","David Yang","David Yang","H-60","2","2025-05-28T03:59:48Z","VS",,"2025-05-28T03:59:48Z"
"zz Brisbane","2025-05-28T03:59:00Z",,"-33.24370519, 116.04276346","18x32","500","40","20",,,"0","David Yang","David Yang","H-60","2","2025-05-28T04:00:03Z","VS",,"2025-05-28T04:00:03Z"
"zz Brisbane","2025-05-28T04:00:00Z",,"-33.24369372, 116.04274817","18x32","800","300","150",,,"0","David Yang","David Yang","H-60","2","2025-05-28T04:00:29Z","VS",,"2025-05-28T04:00:29Z"
"zz Brisbane","2025-05-28T04:11:00Z",,"-33.24489855, 116.04088619","18x32","200","0","0",,,"0","David Yang","David Yang","H-60","2","2025-05-28T04:11:35Z","VS",,"2025-05-28T04:11:35Z"
"zz Brisbane","2025-05-28T04:11:00Z",,"-33.24489855, 116.04088619","18x32","500","28","14",,,"0","David Yang","David Yang","H-60","2","2025-05-28T04:11:51Z","VS",,"2025-05-28T04:11:51Z"
"zz Brisbane","2025-05-28T04:11:00Z",,"-33.24489855, 116.04088619","18x32","800","36","18",,,"0","David Yang","David Yang","H-60","2","2025-05-28T04:12:07Z","VS",,"2025-05-28T04:12:07Z"
"zz Brisbane","2025-05-28T04:13:00Z",,"-33.24498926, 116.04052597","18x32","200","16","8",,,"0","David Yang","David Yang","H-60","2","2025-05-28T04:14:02Z","VS",,"2025-05-28T04:14:02Z"
"zz Brisbane","2025-05-28T04:14:00Z",,"-33.24498926, 116.04052597","18x32","500","24","12",,,"0","David Yang","David Yang","H-60","2","2025-05-28T04:14:20Z","VS",,"2025-05-28T04:14:20Z"
"zz Brisbane","2025-05-28T04:14:00Z",,"-33.24498926, 116.04052597","18x32","800","120","60",,,"0","David Yang","David Yang","H-60","2","2025-05-28T04:14:36Z","VS",,"2025-05-28T04:14:36Z"
"zz Brisbane","2025-05-28T04:16:00Z",,"-33.24506485, 116.04007239","18x32","200","24","12",,,"0","David Yang","David Yang","H-60","2","2025-05-28T04:16:59Z","VS",,"2025-05-28T04:16:59Z"
"zz Brisbane","2025-05-28T04:17:00Z",,"-33.24506485, 116.04007239","18x32","500","36","18",,,"0","David Yang","David Yang","H-60","2","2025-05-28T04:17:17Z","VS",,"2025-05-28T04:17:17Z"
"zz Brisbane","2025-05-28T04:17:00Z",,"-33.24506485, 116.04007239","18x32","800","224","112",,,"0","David Yang","David Yang","H-60","2","2025-05-28T04:17:36Z","VS",,"2025-05-28T04:17:36Z"
"zz Brisbane","2025-05-28T06:13:00Z",,"-33.2613227, 116.0285437","18x32","200","16","8",,,"0","MM48","David Yang","H-60","2","2025-05-28T06:13:46Z","VS",,"2025-05-28T06:13:46Z"
"zz Brisbane","2025-05-28T06:13:00Z",,"-33.2613227, 116.0285437","18x32","500","56","28",,,"0","MM48","David Yang","H-60","2","2025-05-28T06:14:08Z","VS",,"2025-05-28T06:14:08Z"
"zz Brisbane","2025-05-28T06:14:00Z",,"-33.2613227, 116.0285437","18x32","800","48","24",,,"0","MM48","David Yang","H-60","2","2025-05-28T06:14:32Z","VS",,"2025-05-28T06:14:32Z"
"zz Brisbane","2025-05-28T06:16:00Z",,"-33.24530511, 116.03921254","18x32","200","12","6",,,"0","MM48","David Yang","H-60","2","2025-05-28T06:17:24Z","VS",,"2025-05-28T06:17:24Z"
"zz Brisbane","2025-05-28T06:17:00Z",,"-33.24530511, 116.03921254","18x32","500","32","16",,,"0","MM48","David Yang","H-60","2","2025-05-28T06:17:42Z","VS",,"2025-05-28T06:17:42Z"
"zz Brisbane","2025-05-28T06:17:00Z",,"-33.24530511, 116.03921254","18x32","800","48","24",,,"0","MM48","David Yang","H-60","2","2025-05-28T06:18:00Z","VS",,"2025-05-28T06:18:00Z"
"zz Brisbane","2025-05-28T06:20:00Z",,"-33.24530511, 116.03921254","18x32","200","0","0",,,"0","MM48","David Yang","H-60","2","2025-05-28T06:20:15Z","VS",,"2025-05-28T06:20:15Z"
"zz Brisbane","2025-05-28T06:20:00Z",,"-33.24530511, 116.03921254","18x32","500","0","0",,,"0","MM48","David Yang","H-60","2","2025-05-28T06:20:27Z","VS",,"2025-05-28T06:20:27Z"
"zz Brisbane","2025-05-28T06:20:00Z",,"-33.24530511, 116.03921254","18x32","800","32","16",,,"0","MM48","David Yang","H-60","2","2025-05-28T06:20:37Z","VS",,"2025-05-28T06:20:37Z"
"zz Brisbane","2025-05-28T06:22:00Z",,"-33.24530511, 116.03921254","18x32","200","0","0",,,"0","MM48","David Yang","H-60","2","2025-05-28T06:22:59Z","VS",,"2025-05-28T06:22:59Z"
"zz Brisbane","2025-05-28T06:23:00Z",,"-33.24530511, 116.03921254","18x32","500","0","0",,,"0","MM48","David Yang","H-60","2","2025-05-28T06:23:09Z","VS",,"2025-05-28T06:23:09Z"
"zz Brisbane","2025-05-28T06:23:00Z",,"-33.24530511, 116.03921254","18x32","800","12","6",,,"0","MM48","David Yang","H-60","2","2025-05-28T06:23:22Z","VS",,"2025-05-28T06:23:22Z"
"zz Brisbane","2025-05-28T06:25:00Z",,"-33.24530511, 116.03921254","18x32","200","0","0",,,"0","MM48","David Yang","H-60","2","2025-05-28T06:25:46Z","VS",,"2025-05-28T06:25:46Z"
"zz Brisbane","2025-05-28T06:25:00Z",,"-33.24530511, 116.03921254","18x32","500","0","0",,,"0","MM48","David Yang","H-60","2","2025-05-28T06:25:55Z","VS",,"2025-05-28T06:25:55Z"
"zz Brisbane","2025-05-28T06:25:00Z",,"-33.24530511, 116.03921254","18x32","800","16","8",,,"0","MM48","David Yang","H-60","2","2025-05-28T06:26:10Z","VS",,"2025-05-28T06:26:10Z"
"zz Brisbane","2025-05-28T06:27:00Z",,"-33.24530511, 116.03921254","18x32","200","0","0",,,"0","MM48","David Yang","H-60","2","2025-05-28T06:28:14Z","VS",,"2025-05-28T06:28:14Z"
"zz Brisbane","2025-05-28T06:28:00Z",,"-33.24530511, 116.03921254","18x32","500","16","8",,,"0","MM48","David Yang","H-60","2","2025-05-28T06:28:27Z","VS",,"2025-05-28T06:28:27Z"
"zz Brisbane","2025-05-28T06:28:00Z",,"-33.24530511, 116.03921254","18x32","800","220","110",,,"0","MM48","David Yang","H-60","2","2025-05-28T06:28:53Z","VS",,"2025-05-28T06:28:53Z"
"zz Brisbane","2025-05-28T06:31:00Z",,"-33.24530511, 116.03921254","18x32","200","0","0",,,"0","MM48","David Yang","H-60","2","2025-05-28T06:31:54Z","VS",,"2025-05-28T06:31:54Z"
"zz Brisbane","2025-05-28T06:31:00Z",,"-33.24530511, 116.03921254","18x32","500","20","10",,,"0","MM48","David Yang","H-60","2","2025-05-28T06:32:08Z","VS",,"2025-05-28T06:32:08Z"
"zz Brisbane","2025-05-28T06:32:00Z",,"-33.24530511, 116.03921254","18x32","800","116","58",,,"0","MM48","David Yang","H-60","2","2025-05-28T06:32:19Z","VS",,"2025-05-28T06:32:19Z"
"zz Brisbane","2025-05-28T06:34:00Z",,"-33.24530511, 116.03921254","18x32","200","0","0",,,"0","MM48","David Yang","H-60","2","2025-05-28T06:35:26Z","VS",,"2025-05-28T06:35:26Z"
"zz Brisbane","2025-05-28T06:35:00Z",,"-33.26133728, 116.02853393","18x32","500","20","10",,,"0","MM48","David Yang","H-60","2","2025-05-28T06:35:52Z","VS",,"2025-05-28T06:35:52Z"
"zz Brisbane","2025-05-28T06:35:00Z",,"-33.26133728, 116.02853393","18x32","800","124","62",,,"0","MM48","David Yang","H-60","2","2025-05-28T06:36:03Z","VS",,"2025-05-28T06:36:03Z"
"zz Brisbane","2025-05-28T06:38:00Z",,"-33.26133728, 116.02853393","18x32","200","0","0",,,"0","MM48","David Yang","H-60","2","2025-05-28T06:38:12Z","VS",,"2025-05-28T06:38:12Z"
"zz Brisbane","2025-05-28T06:38:00Z",,"-33.24399451, 116.04451796","18x32","500","20","10",,,"0","MM48","David Yang","H-60","2","2025-05-28T06:38:41Z","VS",,"2025-05-28T06:38:41Z"
"zz Brisbane","2025-05-28T06:38:00Z",,"-33.24399451, 116.04451796","18x32","800","64","32",,,"0","MM48","David Yang","H-60","2","2025-05-28T06:39:02Z","VS",,"2025-05-28T06:39:02Z"
"zz Brisbane","2025-05-28T06:40:00Z",,"-33.24399451, 116.04451796","18x32","200","0","0",,,"0","MM48","David Yang","H-60","2","2025-05-28T06:41:23Z","VS",,"2025-05-28T06:41:23Z"
"zz Brisbane","2025-05-28T06:41:00Z",,"-33.24399451, 116.04451796","18x32","500","0","0",,,"0","MM48","David Yang","H-60","2","2025-05-28T06:41:36Z","VS",,"2025-05-28T06:41:36Z"
"zz Brisbane","2025-05-28T06:41:00Z",,"-33.24399451, 116.04451796","18x32","800","88","44",,,"0","MM48","David Yang","H-60","2","2025-05-28T06:41:46Z","VS",,"2025-05-28T06:41:46Z"
"zz Brisbane","2025-05-28T06:44:00Z",,"-33.24634816, 116.04236645","18x32","200","0","0",,,"0","MM48","David Yang","H-60","2","2025-05-28T06:44:42Z","VS",,"2025-05-28T06:44:42Z"
"zz Brisbane","2025-05-28T06:44:00Z",,"-33.24634816, 116.04236645","18x32","500","0","0",,,"0","MM48","David Yang","H-60","2","2025-05-28T06:44:55Z","VS",,"2025-05-28T06:44:55Z"
"zz Brisbane","2025-05-28T06:44:00Z",,"-33.24634816, 116.04236645","18x32","800","28","14",,,"0","MM48","David Yang","H-60","2","2025-05-28T06:45:09Z","VS",,"2025-05-28T06:45:09Z"
"zz Brisbane","2025-05-28T06:46:00Z",,"-33.24634816, 116.04236645","18x32","200","0","0",,,"0","MM48","David Yang","H-60","2","2025-05-28T06:46:56Z","VS",,"2025-05-28T06:46:56Z"
"zz Brisbane","2025-05-28T06:46:00Z",,"-33.24634816, 116.04236645","18x32","500","0","0",,,"0","MM48","David Yang","H-60","2","2025-05-28T06:47:06Z","VS",,"2025-05-28T06:47:06Z"
"zz Brisbane","2025-05-28T06:47:00Z",,"-33.24634816, 116.04236645","18x32","800","12","6",,,"0","MM48","David Yang","H-60","2","2025-05-28T06:47:21Z","VS",,"2025-05-28T06:47:21Z"
"zz Brisbane","2025-05-28T06:54:00Z",,"-33.24399451, 116.04451796","18x32","200","16","8",,,"0","MM48","David Yang","H-60","2","2025-05-28T06:54:27Z","VS",,"2025-05-28T06:54:27Z"
"zz Brisbane","2025-05-28T06:54:00Z",,"-33.24399451, 116.04451796","18x32","500","44","22",,,"0","MM48","David Yang","H-60","2","2025-05-28T06:54:42Z","VS",,"2025-05-28T06:54:42Z"
"zz Brisbane","2025-05-28T06:54:00Z",,"-33.24399451, 116.04451796","18x32","800","192","96",,,"0","MM48","David Yang","H-60","2","2025-05-28T06:54:59Z","VS",,"2025-05-28T06:54:59Z"
"zz Brisbane","2025-05-28T06:56:00Z",,"-33.24399451, 116.04451796","18x32","200","40","20",,,"0","MM48","David Yang","H-60","2","2025-05-28T06:57:30Z","VS",,"2025-05-28T06:57:30Z"
"zz Brisbane","2025-05-28T06:57:00Z",,"-33.24399451, 116.04451796","18x32","500","56","28",,,"0","MM48","David Yang","H-60","2","2025-05-28T06:57:56Z","VS",,"2025-05-28T06:57:56Z"
"zz Brisbane","2025-05-28T06:57:00Z",,"-33.24399451, 116.04451796","18x32","800","184","92",,,"0","MM48","David Yang","H-60","2","2025-05-28T06:58:17Z","VS",,"2025-05-28T06:58:17Z"
"zz Brisbane","2025-05-28T07:01:00Z",,"-33.24399451, 116.04451796","18x32","200","28","14",,,"0","MM48","David Yang","H-60","2","2025-05-28T07:02:17Z","VS",,"2025-05-28T07:02:17Z"
"zz Brisbane","2025-05-28T07:02:00Z",,"-33.24399451, 116.04451796","18x32","500","84","42",,,"0","MM48","David Yang","H-60","2","2025-05-28T07:02:33Z","VS",,"2025-05-28T07:02:33Z"
"zz Brisbane","2025-05-28T07:02:00Z",,"-33.24399451, 116.04451796","18x32","800","84","42",,,"0","MM48","David Yang","H-60","2","2025-05-28T07:02:50Z","VS",,"2025-05-28T07:02:50Z"
"zz Brisbane","2025-05-28T07:05:00Z",,"-33.26133728, 116.02853393","18x32","200","40","20",,,"0","MM48","David Yang","H-60","2","2025-05-28T07:05:49Z","VS",,"2025-05-28T07:05:49Z"
"zz Brisbane","2025-05-28T07:05:00Z",,"-33.26133728, 116.02853393","18x32","500","40","20",,,"0","MM48","David Yang","H-60","2","2025-05-28T07:06:01Z","VS",,"2025-05-28T07:06:01Z"
"zz Brisbane","2025-05-28T07:06:00Z",,"-33.26133728, 116.02853393","18x32","800","72","36",,,"0","MM48","David Yang","H-60","2","2025-05-28T07:06:22Z","VS",,"2025-05-28T07:06:22Z"
"zz Brisbane","2025-05-28T07:09:00Z",,"-33.26133728, 116.02853393","18x32","200","28","14",,,"0","MM48","David Yang","H-60","2","2025-05-28T07:09:34Z","VS",,"2025-05-28T07:09:34Z"
"zz Brisbane","2025-05-28T07:09:00Z",,"-33.26133728, 116.02853393","18x32","500","52","26",,,"0","MM48","David Yang","H-60","2","2025-05-28T07:09:55Z","VS",,"2025-05-28T07:09:55Z"
"zz Brisbane","2025-05-28T07:09:00Z",,"-33.26133728, 116.02853393","18x32","800","64","32",,,"0","MM48","David Yang","H-60","2","2025-05-28T07:10:07Z","VS",,"2025-05-28T07:10:07Z"
"zz Brisbane","2025-05-28T07:11:00Z",,"-33.26133728, 116.02853393","18x32","200","20","10",,,"0","MM48","David Yang","H-60","2","2025-05-28T07:12:13Z","VS",,"2025-05-28T07:12:13Z"
"zz Brisbane","2025-05-28T07:12:00Z",,"-33.26133728, 116.02853393","18x32","500","32","16",,,"0","MM48","David Yang","H-60","2","2025-05-28T07:12:30Z","VS",,"2025-05-28T07:12:30Z"
"zz Brisbane","2025-05-28T07:12:00Z",,"-33.26133728, 116.02853393","18x32","800","32","16",,,"0","MM48","David Yang","H-60","2","2025-05-28T07:12:47Z","VS",,"2025-05-28T07:12:47Z"
"zz Brisbane","2025-05-28T07:19:00Z",,"-33.24390704, 116.04045756","18x32","200","32","16",,,"0","MM48","David Yang","H-60","2","2025-05-28T07:20:14Z","VS",,"2025-05-28T07:20:14Z"
"zz Brisbane","2025-05-28T07:20:00Z",,"-33.24390704, 116.04045756","18x32","500","40","20",,,"0","MM48","David Yang","H-60","2","2025-05-28T07:20:34Z","VS",,"2025-05-28T07:20:34Z"
"zz Brisbane","2025-05-28T07:20:00Z",,"-33.24390704, 116.04045756","18x32","800","24","12",,,"0","MM48","David Yang","H-60","2","2025-05-28T07:20:46Z","VS",,"2025-05-28T07:20:46Z"
"zz Brisbane","2025-05-28T07:27:00Z",,"-33.24390704, 116.04045756","18x32","200","96","48",,,"0","MM48","David Yang","H-60","2","2025-05-28T07:28:24Z","VS",,"2025-05-28T07:28:24Z"
"zz Brisbane","2025-05-28T07:28:00Z",,"-33.24390704, 116.04045756","18x32","500","44","22",,,"0","MM48","David Yang","H-60","2","2025-05-28T07:28:54Z","VS",,"2025-05-28T07:28:54Z"
"zz Brisbane","2025-05-28T07:28:00Z",,"-33.24390704, 116.04045756","18x32","800","104","52",,,"0","MM48","David Yang","H-60","2","2025-05-28T07:29:19Z","VS",,"2025-05-28T07:29:19Z"
"zz Brisbane","2025-05-28T07:32:00Z",,"-33.26133727, 116.02853394","18x32","200","116","58",,,"0","MM48","David Yang","H-60","2","2025-05-28T07:32:43Z","VS",,"2025-05-28T07:32:43Z"
"zz Brisbane","2025-05-28T07:32:00Z",,"-33.26133727, 116.02853394","18x32","500","176","88",,,"0","MM48","David Yang","H-60","2","2025-05-28T07:33:07Z","VS",,"2025-05-28T07:33:07Z"
"zz Brisbane","2025-05-28T07:33:00Z",,"-33.26133727, 116.02853394","18x32","800","200","100",,,"0","MM48","David Yang","H-60","2","2025-05-28T07:33:42Z","VS",,"2025-05-28T07:33:42Z"
"zz Brisbane","2025-05-28T07:37:00Z",,"-33.24390704, 116.04045756","18x32","200","60","30",,,"0","MM48","David Yang","H-60","2","2025-05-28T07:37:38Z","VS",,"2025-05-28T07:37:38Z"
"zz Brisbane","2025-05-28T07:37:00Z",,"-33.24390704, 116.04045756","18x32","500","44","22",,,"0","MM48","David Yang","H-60","2","2025-05-28T07:38:00Z","VS",,"2025-05-28T07:38:00Z"
"zz Brisbane","2025-05-28T07:38:00Z",,"-33.24390704, 116.04045756","18x32","800","136","68",,,"0","MM48","David Yang","H-60","2","2025-05-28T07:38:24Z","VS",,"2025-05-28T07:38:24Z"
"zz Brisbane","2025-05-28T07:40:00Z",,"-33.24390704, 116.04045756","18x32","200","80","40",,,"0","MM48","David Yang","H-60","2","2025-05-28T07:41:00Z","VS",,"2025-05-28T07:41:00Z"
"zz Brisbane","2025-05-28T07:41:00Z",,"-33.24390704, 116.04045756","18x32","500","180","90",,,"0","MM48","David Yang","H-60","2","2025-05-28T07:41:19Z","VS",,"2025-05-28T07:41:19Z"
"zz Brisbane","2025-05-28T07:41:00Z",,"-33.26133728, 116.02853393","18x32","800","100","50",,,"0","MM48","David Yang","H-60","2","2025-05-28T07:41:46Z","VS",,"2025-05-28T07:41:46Z"
"zz Brisbane","2025-05-28T07:43:00Z",,"-33.26133728, 116.02853393","18x32","200","80","40",,,"0","MM48","David Yang","H-60","2","2025-05-28T07:44:08Z","VS",,"2025-05-28T07:44:08Z"
"zz Brisbane","2025-05-28T07:44:00Z",,"-33.26133728, 116.02853393","18x32","500","24","12",,,"0","MM48","David Yang","H-60","2","2025-05-28T07:44:27Z","VS",,"2025-05-28T07:44:27Z"
"zz Brisbane","2025-05-28T07:44:00Z",,"-33.26133728, 116.02853393","18x32","800","152","76",,,"0","MM48","David Yang","H-60","2","2025-05-28T07:44:53Z","VS",,"2025-05-28T07:44:53Z"
"zz Brisbane","2025-05-28T07:49:00Z",,"-33.26133728, 116.02853393","18x32","200","44","22",,,"0","MM48","David Yang","H-60","2","2025-05-28T07:49:41Z","VS",,"2025-05-28T07:49:41Z"
"zz Brisbane","2025-05-28T07:49:00Z",,"-33.26133728, 116.02853393","18x32","500","24","12",,,"0","MM48","David Yang","H-60","2","2025-05-28T07:50:02Z","VS",,"2025-05-28T07:50:02Z"
"zz Brisbane","2025-05-28T07:50:00Z",,"-33.26133728, 116.02853393","18x32","800","52","26",,,"0","MM48","David Yang","H-60","2","2025-05-28T07:50:24Z","VS",,"2025-05-28T07:50:24Z"
"zz Brisbane","2025-05-28T07:52:00Z",,"-33.26133728, 116.02853393","18x32","200","60","30",,,"0","MM48","David Yang","H-60","2","2025-05-28T07:53:06Z","VS",,"2025-05-28T07:53:06Z"
"zz Brisbane","2025-05-28T07:53:00Z",,"-33.26133728, 116.02853393","18x32","500","24","12",,,"0","MM48","David Yang","H-60","2","2025-05-28T07:53:21Z","VS",,"2025-05-28T07:53:21Z"
"zz Brisbane","2025-05-28T07:53:00Z",,"-33.26133728, 116.02853393","18x32","800","24","12",,,"0","MM48","David Yang","H-60","2","2025-05-28T07:53:47Z","VS",,"2025-05-28T07:53:47Z"
"zz Brisbane","2025-05-28T07:54:00Z",,"-33.26133728, 116.02853393","18x32","200","24","12",,,"0","MM48","David Yang","H-60","2","2025-05-28T07:54:51Z","VS",,"2025-05-28T07:54:51Z"
"zz Brisbane","2025-05-28T07:54:00Z",,"-33.26133728, 116.02853393","18x32","500","40","20",,,"0","MM48","David Yang","H-60","2","2025-05-28T07:55:04Z","VS",,"2025-05-28T07:55:04Z"
"zz Brisbane","2025-05-28T07:55:00Z",,"-33.26133728, 116.02853393","18x32","800","36","18",,,"0","MM48","David Yang","H-60","2","2025-05-28T07:55:29Z","VS",,"2025-05-28T07:55:29Z"
"zz Brisbane","2025-05-28T07:58:00Z",,"-33.2438307, 116.04119755","18x32","200","44","22",,,"0","MM48","David Yang","H-60","2","2025-05-28T07:59:06Z","VS",,"2025-05-28T07:59:06Z"
"zz Brisbane","2025-05-28T07:59:00Z",,"-33.2438307, 116.04119755","18x32","500","20","10",,,"0","MM48","David Yang","H-60","2","2025-05-28T07:59:22Z","VS",,"2025-05-28T07:59:22Z"
"zz Brisbane","2025-05-28T07:59:00Z",,"-33.2438307, 116.04119755","18x32","800","52","26",,,"0","MM48","David Yang","H-60","2","2025-05-28T07:59:47Z","VS",,"2025-05-28T07:59:47Z"
"zz Brisbane","2025-05-28T08:02:00Z",,"-33.26130659, 116.02855873","18x32","200","52","26",,,"0","MM48","David Yang","H-60","2","2025-05-28T08:03:05Z","VS",,"2025-05-28T08:03:05Z"
"zz Brisbane","2025-05-28T08:03:00Z",,"-33.26130659, 116.02855873","18x32","500","56","28",,,"0","MM48","David Yang","H-60","2","2025-05-28T08:03:20Z","VS",,"2025-05-28T08:03:20Z"
"zz Brisbane","2025-05-28T08:03:00Z",,"-33.26130659, 116.02855873","18x32","800","60","30",,,"0","MM48","David Yang","H-60","2","2025-05-28T08:03:39Z","VS",,"2025-05-28T08:03:39Z"
"zz Brisbane","2025-05-28T08:05:00Z",,"-33.26133734, 116.02853398","18x32","200","52","26",,,"0","MM48","David Yang","H-60","2","2025-05-28T08:06:11Z","VS",,"2025-05-28T08:06:11Z"
"zz Brisbane","2025-05-28T08:06:00Z",,"-33.26133734, 116.02853398","18x32","500","72","36",,,"0","MM48","David Yang","H-60","2","2025-05-28T08:06:32Z","VS",,"2025-05-28T08:06:32Z"
"zz Brisbane","2025-05-28T08:06:00Z",,"-33.26133734, 116.02853398","18x32","800","184","92",,,"0","MM48","David Yang","H-60","2","2025-05-28T08:06:45Z","VS",,"2025-05-28T08:06:45Z"
"zz Brisbane","2025-05-28T08:08:00Z",,"-33.2438307, 116.04119755","18x32","200","44","22",,,"0","MM48","David Yang","H-60","2","2025-05-28T08:08:52Z","VS",,"2025-05-28T08:08:52Z"
"zz Brisbane","2025-05-28T08:08:00Z",,"-33.2438307, 116.04119755","18x32","500","44","22",,,"0","MM48","David Yang","H-60","2","2025-05-28T08:09:05Z","VS",,"2025-05-28T08:09:05Z"
"zz Brisbane","2025-05-28T08:09:00Z",,"-33.2438307, 116.04119755","18x32","800","240","120",,,"0","MM48","David Yang","H-60","2","2025-05-28T08:09:34Z","VS",,"2025-05-28T08:09:34Z"
"zz Brisbane","2025-05-28T08:11:00Z",,"-33.2438307, 116.04119755","18x32","200","0","0",,,"0","MM48","David Yang","H-60","2","2025-05-28T08:11:47Z","VS",,"2025-05-28T08:11:47Z"
"zz Brisbane","2025-05-28T08:11:00Z",,"-33.2438307, 116.04119755","18x32","500","12","6",,,"0","MM48","David Yang","H-60","2","2025-05-28T08:11:58Z","VS",,"2025-05-28T08:11:58Z"
"zz Brisbane","2025-05-28T08:11:00Z",,"-33.2438307, 116.04119755","18x32","800","116","58",,,"0","MM48","David Yang","H-60","2","2025-05-28T08:12:11Z","VS",,"2025-05-28T08:12:11Z"
"zz Brisbane","2025-05-28T08:13:00Z",,"-33.2438307, 116.04119755","18x32","200","0","0",,,"0","MM48","David Yang","H-60","2","2025-05-28T08:13:52Z","VS",,"2025-05-28T08:13:52Z"
"zz Brisbane","2025-05-28T08:13:00Z",,"-33.2438307, 116.04119755","18x32","500","12","6",,,"0","MM48","David Yang","H-60","2","2025-05-28T08:14:05Z","VS",,"2025-05-28T08:14:05Z"
"zz Brisbane","2025-05-28T08:14:00Z",,"-33.2438307, 116.04119755","18x32","800","64","32",,,"0","MM48","David Yang","H-60","2","2025-05-28T08:14:15Z","VS",,"2025-05-28T08:14:15Z"
"zz Brisbane","2025-05-28T08:20:00Z",,"-33.2438307, 116.04119755","18x32","200","0","0",,,"0","MM48","David Yang","H-60","2","2025-05-28T08:21:49Z","VS",,"2025-05-28T08:21:49Z"
"zz Brisbane","2025-05-28T08:21:00Z",,"-33.2438307, 116.04119755","18x32","500","12","6",,,"0","MM48","David Yang","H-60","2","2025-05-28T08:22:00Z","VS",,"2025-05-28T08:22:00Z"
"zz Brisbane","2025-05-28T08:22:00Z",,"-33.2438307, 116.04119755","18x32","800","100","50",,,"0","MM48","David Yang","H-60","2","2025-05-28T08:22:22Z","VS",,"2025-05-28T08:22:22Z"
"zz Brisbane","2025-05-28T08:24:00Z",,"-33.26133728, 116.02853393","18x32","200","0","0",,,"0","MM48","David Yang","H-60","2","2025-05-28T08:25:28Z","VS",,"2025-05-28T08:25:28Z"
"zz Brisbane","2025-05-28T08:25:00Z",,"-33.26133728, 116.02853393","18x32","500","0","0",,,"0","MM48","David Yang","H-60","2","2025-05-28T08:25:37Z","VS",,"2025-05-28T08:25:37Z"
"zz Brisbane","2025-05-28T08:25:00Z",,"-33.26133728, 116.02853393","18x32","800","100","50",,,"0","MM48","David Yang","H-60","2","2025-05-28T08:25:54Z","VS",,"2025-05-28T08:25:54Z"
"zz Brisbane","2025-05-28T08:27:00Z",,"-33.24455843, 116.04316188","18x32","200","0","0",,,"0","David Yang","David Yang","H-60","2","2025-05-28T08:28:00Z","VS",,"2025-05-28T08:28:00Z"
"zz Brisbane","2025-05-28T08:28:00Z",,"-33.24455843, 116.04316188","18x32","500","12","6",,,"0","David Yang","David Yang","H-60","2","2025-05-28T08:28:12Z","VS",,"2025-05-28T08:28:12Z"
"zz Brisbane","2025-05-28T08:28:00Z",,"-33.24455843, 116.04316188","18x32","800","200","100",,,"0","David Yang","David Yang","H-60","2","2025-05-28T08:28:42Z","VS",,"2025-05-28T08:28:42Z"
"zz Brisbane","2025-05-28T08:30:00Z",,"-33.24458327, 116.04293278","18x32","200","0","0",,,"0","David Yang","David Yang","H-60","2","2025-05-28T08:30:32Z","VS",,"2025-05-28T08:30:32Z"
"zz Brisbane","2025-05-28T08:30:00Z",,"-33.24458327, 116.04293278","18x32","500","0","0",,,"0","David Yang","David Yang","H-60","2","2025-05-28T08:30:43Z","VS",,"2025-05-28T08:30:43Z"
"zz Brisbane","2025-05-28T08:30:00Z",,"-33.24458327, 116.04293278","18x32","800","280","140",,,"0","David Yang","David Yang","H-60","2","2025-05-28T08:31:07Z","VS",,"2025-05-28T08:31:07Z"
"zz Brisbane","2025-05-28T08:32:00Z",,"-33.24463517, 116.04271436","18x32","200","0","0",,,"0","David Yang","David Yang","H-60","2","2025-05-28T08:32:41Z","VS",,"2025-05-28T08:32:41Z"
"zz Brisbane","2025-05-28T08:32:00Z",,"-33.24463517, 116.04271436","18x32","500","0","0",,,"0","David Yang","David Yang","H-60","2","2025-05-28T08:32:51Z","VS",,"2025-05-28T08:32:51Z"
"zz Brisbane","2025-05-28T08:32:00Z",,"-33.24463517, 116.04271436","18x32","800","8","4",,,"0","David Yang","David Yang","H-60","2","2025-05-28T08:33:11Z","VS",,"2025-05-28T08:33:11Z"
"zz Brisbane","2025-05-28T08:34:00Z",,"-33.24470717, 116.04246259","18x32","200","0","0",,,"0","David Yang","David Yang","H-60","2","2025-05-28T08:35:05Z","VS",,"2025-05-28T08:35:05Z"
"zz Brisbane","2025-05-28T08:35:00Z",,"-33.24469741, 116.04246026","18x32","500","0","0",,,"0","David Yang","David Yang","H-60","2","2025-05-28T08:35:19Z","VS",,"2025-05-28T08:35:19Z"
"zz Brisbane","2025-05-28T08:35:00Z",,"-33.24469741, 116.04246026","18x32","800","12","6",,,"0","David Yang","David Yang","H-60","2","2025-05-28T08:35:42Z","VS",,"2025-05-28T08:35:42Z"